{
 "name": "作弊扩展",
 "version": "1.1.3",
 "styleFileList": [],
 "scriptFileList_earlyload": [],
 "scriptFileList_inject_early": [],
 "scriptFileList_preload": [],
 "scriptFileList": [],
 "tweeFileList": [
 "Bedroom Study.twee",
 "随身衣柜.twee"
 ],
 "imgFileList": [],
 "additionFile": [
 "addon-replace/Brothel Basement Sex Finish.txt",
 "addon-replace/cheats_1.txt",
 "addon-replace/cheats_2.txt",
 "addon-replace/cheats_3.txt",
 "addon-replace/cheats_4.txt",
 "addon-replace/TimeT.txt",
 "addon-replace/Stall Seduce.txt",
 "addon-replace/StoryCaption.txt",
 "addon-replace/Widgets Dance Audience.txt",
 "addon-replace/Widgets Market_1.txt",
 "addon-replace/Widgets Market_2.txt",
 "addon-replace/Widgets Orgasm.txt",
 "addon-replace/Widgets Text.txt",
 "addon-replace/Widgets_1.txt",
 "addon-replace/Widgets_2.txt",
 "addon-replace/Widgets_3.txt",
 "addon-replace/Widgets_4.txt",
 "addon-replace/Widgets_5.txt",
 "readme.txt"
 ],
 "addonPlugin": [
  {
   "modName": "TweeReplacer",
   "addonName": "TweeReplacerAddon",
   "modVersion": "1.0.0",
   "params": [
    {
     "passage": "Cheats",
     "findString": "\t| <<link \">>>\">><<npcincr Charlie love 100>><<clamp>><<replace \"#statscharlielove\">><<print Math.trunc($NPCName[$NPCNameList.indexOf(\"Charlie\")].love)>><</replace>><</link>> (满值50)\n\t<br><br>",
     "replaceFile": "addon-replace/cheats_1.txt"
    },
	{
     "passage": "Cheats",
     "findString": "\t| <<link \">>>\">><<npcincr \"Great Hawk\" dom 100>><<clamp>><<replace \"#statsgreathawkdom\">><<print Math.trunc($NPCName[$NPCNameList.indexOf(\"Great Hawk\")].dom)>><</replace>><</link>> (满值100)\n\t<br><br>",
     "replaceFile": "addon-replace/cheats_2.txt"
    },
	{
     "passage": "Cheats",
     "findString": "\t\t<<farmicon \"barn\">>[[农田|Farmland]]\n\t\t<br>",
     "replaceFile": "addon-replace/cheats_3.txt"
    },
	{
     "passage": "Cheats",
     "findString": "<<widget \"cheats-other\">>",
     "replaceFile": "addon-replace/cheats_4.txt"
    },
	{
     "passage": "Cheats",
     "findString": "\t<span class=\"gold\">时间</span>\n\t<br>",
     "replaceFile": "addon-replace/TimeT.txt"
    },
	{
     "passage": "Widgets",
     "findString": "\t\t<<christmas_options>>\n\t\t<br>",
     "replaceFile": "addon-replace/Widgets_1.txt"
    },
	{
     "passage": "Widgets",
     "findString": "\t\t<br>\n\t\t<<deskchairicon>>你的_desk.nameCap和<<if _chair.name isnot \"chair\">>一张<</if>>_chair.nameCap占据着你衣柜旁那狭小的空间。",
     "replaceFile": "addon-replace/Widgets_2.txt"
    },
	{
     "passage": "Widgets",
     "findString": "\t\t\t<<set $pain += (_violence * _painMod * (1 - ($masochism / 1200)) * (1 - ($sciencetrait / 10)) / _possessMod)>>",
     "replaceFile": "addon-replace/Widgets_3.txt"
    },
	{
     "passage": "Widgets",
     "findString": "\t\t\t<<set $pain += (_violence * _painMod * (1 - ($masochism / 1200)) * (1 - ($sciencetrait / 10)))",
     "replaceFile": "addon-replace/Widgets_4.txt"
    },
	{
     "passage": "Widgets",
     "findString": "\t\t<<set _thedamage to (2 * _defiance * ($physique / 4000))>>",
     "replaceFile": "addon-replace/Widgets_5.txt"
    },
    {
    "passage": "Brothel Basement Sex Finish",
    "findString": "\t<<ejaculation>><<set $gloryholestat += 1>><<set $prostitutionstat += 1>>",
    "replaceFile": "addon-replace/Brothel Basement Sex Finish.txt"
    },
    {
     "passage": "Stall Seduce",
     "findString": "\t<<if setup.plants[$stall_plant].special.includes(\"large\")>>\n\t\t<<set $stall_amount to 1>>\n\t<<else>>",
     "replaceFile": "addon-replace/Stall Seduce.txt"
    },
    {
     "passage": "Widgets Market",
     "findString": "<<widget \"stall_sell_actions\">>",
     "replaceFile": "addon-replace/Widgets Market_1.txt"
    },
    {
     "passage": "Widgets Market",
     "findString": "\t\t<<set $stall_amount to random(11, 30)>>",
     "replaceFile": "addon-replace/Widgets Market_2.txt",
     "all": true
    },
    {
     "passage": "Widgets Orgasm",
     "findString": "<<widget \"breastfeed\">>\n\t<<set $_milk_released to random(10, 50)>>",
     "replaceFile": "addon-replace/Widgets Orgasm.txt"
    },
    {
     "passage": "Widgets State Man",
     "findString": "\t\t\t\t<span class=\"green\"><<He>>吃痛退开。</span>\n\t\t\t\t<<combatcontrol 15>><<def 10>>\n\t\t\t<</if>>",
     "replaceFile": "addon-replace/Widgets State Man_1.txt"
    },
    {
     "passage": "Widgets State Man",
     "findString": "\t\t\t<<if $enemyanger gte $enemyangermax>>",
     "replaceFile": "addon-replace/Widgets State Man_2.txt"
    },
	{
     "passage": "Widgets Dance Audience",
     "findString": "\t\t\t\t<<set $dancetip *= 1 + ($mathstrait / 4)>>",
     "replaceFile": "addon-replace/Widgets Dance Audience.txt"
    },
	{
     "passage": "StoryCaption",
     "findString": "\t\t\t<<if $options.sidebarTime is \"bottom\">>\n\t\t\t\t<<append #mobileStats>><<mobileStatsTime>><</append>>\n\t\t\t<</if>>\n\t\t<</if>>",
     "replaceFile": "addon-replace/StoryCaption.txt"
    },
	{
     "passage": "Widgets Text",
     "findString": "\t\t\t明天不用上学。\n\t\t<</if>>\n\t\t<br>\n\t<</if>>",
     "replaceFile": "addon-replace/Widgets Text.txt"
    }
   ]
  },
   {
      "modName": "ReplacePatcher",
      "addonName": "ReplacePatcherAddon",
      "modVersion": "1.0.0",
      "params": {
        "twee": [
          {
            "TODO": "caption.twee",
            "passageName": "StoryCaption",
            "from": "<<if $dancing is 0 and $combat is 0 and $passage isnot \"Start2\" and $cheatdisable is \"f\" or $debug is 1>>",
            "to": "<<if $dancing is 0 and $combat is 0 and $passage isnot \"Start2\" or $debug is 1>>"
          }
        ]
      }
    }
 ],
 "dependenceInfo": [
  {
   "modName": "ModLoader",
   "version": ">=2.5.2"
  },
   {
  "modName": "GameVersion",
  "version": ">=0.5.0.5"
  },
  {
   "modName": "ModLoader DoL ImageLoaderHook",
   "version": ">=1.0.0"
  },
  {
   "modName": "TweeReplacer",
   "version": ">=1.0.0"
  },
  {
   "modName": "ReplacePatcher",
   "version": ">=1.0.0"
  }
 ]
}