{
  "name": "missonarycombat",
  "version": "1.0.0",
  "styleFileList": [],
  "scriptFileList": [],
  "tweeFileList": [],
  "additionFile": [],
  "imgFileList": [
    "img/sex/missionary/active/activeeyes.png",
    "img/sex/missionary/active/activeeyesempty.png",
    "img/sex/missionary/active/activesclerabloodshot.png",
    "img/sex/missionary/active/body/activeoralmouth.png",
    "img/sex/missionary/active/body/activetears1.png",
    "img/sex/missionary/active/body/activetears2.png",
    "img/sex/missionary/active/body/activetears3.png",
    "img/sex/missionary/active/body/activetears4.png",
    "img/sex/missionary/active/body/activetears5.png",
    "img/sex/missionary/active/facewear/glasses/full.png",
    "img/sex/missionary/active/hair/activechest.png",
    "img/sex/missionary/active/hair/activefeet.png",
    "img/sex/missionary/active/hair/activelashes.png",
    "img/sex/missionary/active/hair/activenavel.png",
    "img/sex/missionary/active/hair/activeoverlay.png",
    "img/sex/missionary/active/hair/activeshort.png",
    "img/sex/missionary/active/hair/activethighs.png",
    "img/sex/missionary/active/hair/idlelashes.png",
    "img/sex/missionary/active/hair/hime/activechest.png",
    "img/sex/missionary/active/hair/hime/activefeet.png",
    "img/sex/missionary/active/hair/hime/activenavel.png",
    "img/sex/missionary/active/hair/hime/activeshort.png",
    "img/sex/missionary/active/hair/hime/activeshoulder.png",
    "img/sex/missionary/active/hair/hime/activethighs.png",
    "img/sex/missionary/active/hair/wide_flaps/activechest.png",
    "img/sex/missionary/active/hair/wide_flaps/activefeet.png",
    "img/sex/missionary/active/hair/wide_flaps/activenavel.png",
    "img/sex/missionary/active/hair/wide_flaps/activeshort.png",
    "img/sex/missionary/active/hair/wide_flaps/activeshoulder.png",
    "img/sex/missionary/active/hair/wide_flaps/activethighs.png",
    "img/sex/missionary/active/legs/tights/fulldown.png",
    "img/sex/missionary/active/legs/tights/fullup.png",
    "img/sex/missionary/active/sleeves/right_sleeve.png",
    "img/sex/missionary/idle/breastcover/huge.png",
    "img/sex/missionary/idle/breastcover/large.png",
    "img/sex/missionary/idle/breastcover/none.png",
    "img/sex/missionary/idle/breastcover/small.png",
    "img/sex/missionary/idle/breastcover/tiny.png",
    "img/sex/missionary/idle/skirt/down.png",
    "img/sex/missionary/idle/top/waist.png",
    "img/sex/missionary/shadow/activeoral.png",
    "img/sex/missionaryRed/active/activeeyelids.png",
    "img/sex/missionaryRed/active/body/activebase.png",
    "img/sex/missionaryRed/active/body/activebaselegl.png",
    "img/sex/missionaryRed/active/body/activebaselegldown.png",
    "img/sex/missionaryRed/active/body/activebaselegr.png",
    "img/sex/missionaryRed/active/body/activebaselegrdown.png",
    "img/sex/missionaryRed/active/body/activebaserightarm.png",
    "img/sex/missionaryRed/active/body/activeblush1.png",
    "img/sex/missionaryRed/active/body/activeblush2.png",
    "img/sex/missionaryRed/active/body/activeblush3.png",
    "img/sex/missionaryRed/active/body/activeblush4.png",
    "img/sex/missionaryRed/active/body/activeblush5.png",
    "img/sex/missionaryRed/active/body/activebreastshuge.png",
    "img/sex/missionaryRed/active/body/activebreastslarge.png",
    "img/sex/missionaryRed/active/body/activebreastssmall.png",
    "img/sex/missionaryRed/active/body/activebreaststiny.png",
    "img/sex/missionaryRed/active/body/activeclosedmouth.png",
    "img/sex/missionaryRed/active/body/activemouth.png",
    "img/sex/missionaryRed/active/body/activeoral.png",
    "img/sex/missionaryRed/active/body/activepushlight.png"
  ],
  "addonPlugin": [
    {
      "modName": "ModLoader DoL ImageLoaderHook",
      "addonName": "ImageLoaderAddon",
      "modVersion": "^2.3.0",
      "params": []
    }
  ],
  "dependenceInfo": [
    {
      "modName": "ModLoader DoL ImageLoaderHook",
      "version": "^2.3.0"
    }
  ]
}