{
  "name": "cheat extended",
  "version": "1.15.1",
  "styleFileList": [
    "css/CE_CSS.css"
  ],
  "scriptFileList": [],
  "tweeFileList": [
    "game/ccplot.twee",
    "game/Bccm/bccmeditor.twee",
    "game/Bedroom Study.twee",
    "game/随身衣柜.twee",
    "game/CE_passage_editor.twee",
    "game/Widgets cheat_extended.twee"
  ],
  "imgFileList": [],
  "scriptFileList_inject_early": [
    "scriptEarly/CERegist.js"
  ],
  "additionFile": [
    "addon-replace/tattoo_index.txt",
    "addon-replace/Widgets Dance Audience.txt",
    "addon-replace/Widgets Market_1.txt",
    "addon-replace/Widgets Market_2.txt",
    "addon-replace/Widgets State Man_1.txt",
    "addon-replace/Widgets State Man_2.txt",
    "addon-replace/Widgets_1.txt",
    "addon-replace/Widgets_2.txt",
    "addon-replace/Widgets_3.txt",
    "addon-replace/Widgets_4.txt",
    "addon-replace/Widgets_5.txt",
    "readme.md",
    "LICENSE.txt"
  ],
  "addonPlugin": [
    {
      "modName": "TweeReplacer",
      "addonName": "TweeReplacerAddon",
      "modVersion": "1.0.0",
      "params": [
        {
          "passage": "Widgets",
          "findString": "\t\t<<christmas_options>>\n\t\t<br>",
          "replaceFile": "addon-replace/Widgets_1.txt"
        },
        {
          "passage": "Widgets",
          "findString": "\t\t<br>\n\t\t<<deskchairicon>>你的_desk.nameCap和<<if _chair.name isnot \"chair\">>一张<</if>>_chair.nameCap占据着你衣柜旁那狭小的空间。",
          "replaceFile": "addon-replace/Widgets_2.txt"
        },
        {
          "passage": "Widgets",
          "findString": "\t\t\t<<set $pain += (_violence * _painMod * (1 - ($masochism / 1200)) * (1 - ($sciencetrait / 10)) / _possessMod)>>",
          "replaceFile": "addon-replace/Widgets_3.txt"
        },
        {
          "passage": "Widgets",
          "findString": "\t\t\t<<set $pain += (_violence * _painMod * (1 - ($masochism / 1200)) * (1 - ($sciencetrait / 10)))",
          "replaceFile": "addon-replace/Widgets_4.txt"
        },
        {
          "passage": "Widgets",
          "findString": "\t\t<<set $enemyhealth -= _thedamage>>",
          "replaceFile": "addon-replace/Widgets_5.txt"
        },
        {
          "passage": "Widgets Bodywriting Objects",
          "findString": "\t\tcircle: {\n\t\t\tindex: 199,",
          "replaceFile": "addon-replace/tattoo_index.txt"
        },
        {
          "passage": "Widgets Bodywriting",
          "findString": "\"<span class=\"purple\"><<print $skin[_active_bodypart].writ_cn>></span>\"",
          "replace": "<<CE_tattoo_color>>"
        },
        {
          "passage": "Widgets Market",
          "findString": "<<widget \"stall_sell_actions\">>",
          "replaceFile": "addon-replace/Widgets Market_1.txt"
        },
        {
          "passage": "Widgets Market",
          "findString": "\t<<if $stall_amount gte $plants[$stall_plant].amount>>",
          "replaceFile": "addon-replace/Widgets Market_2.txt",
          "all": true
        },
        {
          "passage": "Widgets Orgasm",
          "findString": "<<milkvolume 1>>",
          "replace": "<<milkvolume 1>>\n\t<<milk_releasedFIX $_milk_released>>\n\t<<set $_milk_released += $milk_releasedFIX>>\n"
        },
        {
          "passage": "Widgets State Man",
          "findString": "\t\t\t\t<span class=\"green\"><<He>>吃痛退开。</span>\n\t\t\t\t<<combatcontrol 15>><<def 10>>\n\t\t\t<</if>>",
          "replaceFile": "addon-replace/Widgets State Man_1.txt"
        },
        {
          "passage": "Widgets State Man",
          "findString": "\t\t\t<<if $enemyanger gte $enemyangermax>>",
          "replaceFile": "addon-replace/Widgets State Man_2.txt"
        },
        {
          "passage": "Furniture Shop Papers",
          "findString": "\t\t\t<<run Furniture.set('poster', 'poster', {",
          "replace": "\t\t\t<<set _normalisedName to _chosenPosterCustom>>\n\t\t\t<<run Furniture.set('poster', 'poster', {"
        },
        {
          "passage": "Furniture Shop Papers",
          "findString": "\t\t\t<<run Furniture.set('wallpaper', 'wallpaper', {",
          "replace": "\t\t\t<<set _normalisedName to _chosenWallpaperCustom>>\n\t\t\t<<run Furniture.set('wallpaper', 'wallpaper', {"
        },
        {
          "passage": "Widgets Dance Audience",
          "findString": "\t\t\t\t<<set $dancetip *= 1 + ($mathstrait / 4)>>",
          "replaceFile": "addon-replace/Widgets Dance Audience.txt"
        }
      ]
    },
    {
      "modName": "ReplacePatcher",
      "addonName": "ReplacePatcherAddon",
      "modVersion": "1.0.0",
      "params": {
        "twee": [
          {
            "TODO": "caption.twee",
            "passageName": "StoryCaption",
            "from": "<<if $dancing is 0 and $combat is 0 and $passage isnot \"Start2\" and $cheatdisable is \"f\" or $debug is 1>>",
            "to": "<<if $dancing is 0 and $combat is 0 and $passage isnot \"Start2\" or $debug is 1>>"
          }
        ]
      }
    }
  ],
  "dependenceInfo": [
    {
      "modName": "ModLoader",
      "version": ">=2.17.0"
    },
    {
      "modName": "ModLoader DoL ImageLoaderHook",
      "version": ">=1.0.0"
    },
    {
      "modName": "TweeReplacer",
      "version": ">=1.0.0"
    },
    {
      "modName": "ReplacePatcher",
      "version": ">=1.0.0"
    },
    {
      "modName": "Simple Frameworks",
      "version": ">=1.3.0"
    },
    {
      "modName": "GameVersion",
      "version": "=0.5.0.5"
    }
  ]
}