[
    {
        "index": 1,
        "author": "miyako4828&Fibonacci",
        "name": "redglasses_Fibonacci",
        "name_cap": "Redglasses_Fibonacci",
        "cn_name_cap": "红框眼镜 Fibonacci",
        "variable": "redglasses_Fibonacci",
        "integrity": 20,
        "integrity_max": 20,
        "fabric_strength": 20,
        "reveal": 50,
        "word": "a",
        "plural": 1,
        "colour": 1,
        "colour_options": ["primary", "black", "blue", "brown", "green", "pink", "purple", "tangerine", "teal", "white", "yellow", "custom"],
        "colour_sidebar": 1,
        "type": ["cool"],
        "gender": "n",
        "femininity": 0,
        "warmth": 0,
        "cost": 1000,
        "description": "非平面镜，也许有利于工作。",
        "shop": ["clothing", "school"],
        "accessory": 0,
        "accessory_colour": 0,
        "accessory_colour_options": [],
        "cursed": 0,
        "location": 0,
        "iconFile": "redglasses_Fibonacci_icon.png",
        "accIcon": 0
      }
]