[
  {
    "index": 1,
    "author": "土豆",
    "name": "error",
    "name_cap": "luan ma","cn_name_cap": "汗流浃背了吧牢弟",
    "variable": "error",
    "integrity": 30,
    "integrity_max": 30,
    "fabric_strength": 20,
    "reveal": 1,
    "word": "n",
    "plural": 1,
    "colour": 0,
    "colour_options": [],
    "colour_sidebar": 0,
    "type": ["cool"],
    "gender": "n",
    "warmth": 0,
    "cost": 7000,
    "description": "复制代码一打开dol.html一粘贴一保存退出一dol启动！一红屏！！！。",
    "shop": ["clothing", "adult"],
    "accessory": 0,
    "accessory_colour": 0,
    "accessory_colour_options": [],
    "cursed": 0,
    "location": 0,
    "iconFile": "luan_ma.png",
    "accIcon": 0
  },
  {
    "index": 2,
    "author": "稻谷",
    "name": "zuitao",
    "name_cap": "Zuitao",
    "cn_name_cap": "嘴套",
    "variable": "zuitao",
    "integrity_max": 900,
    "integrity": 900,
    "fabric_strength": 200,
    "reveal": 900,
    "word": "a",
    "plural": 0,
    "colour": 0,
    "colour_options": [],
    "colour_sidebar": 0,
    "colour_combat": 0,
    "type": ["covered", "chastity", "gag"],
    "gender": "n",
    "femininity": 500,
    "warmth": 0,
    "cost": 50000,
    "description": "非常牢固的嘴套！",
    "shop": ["clothing", "school", "forest"],
    "accessory": 0,
    "accessory_colour": 0,
    "accessory_colour_options": [],
    "accessory_colour_sidebar": 0,
    "cursed": 0,
    "location": 0,
    "iconFile": 0,
    "accIcon": 0,
    "mainImage": 1
  },
  {
    "index": 3,
    "author": "稻谷",
    "name": "alpysia ears",
    "name_cap": "Alpysia ears",
    "cn_name_cap": "海兔耳朵",
    "variable": "alpysia ears",
    "integrity": 100,
    "integrity_max": 100,
    "fabric_strength": 20,
    "reveal": 1,
    "word": "a",
    "plural": 0,
    "colour": 0,
    "colour_options": [],
    "colour_combat": 0,
    "type": ["normal"],
    "set": "alpysia ears",
    "gender": "n",
    "femininity": 200,
    "warmth": 0,
    "cost": 2500,
    "description": "某天变异的海兔所拥有的耳朵。",
    "shop": ["clothing"],
    "shopGroup": "alpysia ears",
    "accessory": 0,
    "accessory_colour": 0,
    "accessory_colour_options": [],
    "back_img": 0,
    "cursed": 0,
    "location": 0,
    "iconFile": 0,
    "accIcon": 0
  },
  {
    "index": 4,
    "author": "稻谷",
    "name": "alpysia ears mocha",
    "name_cap": "Alpysia ears mocha",
    "cn_name_cap": "海兔耳朵抹茶",
    "variable": "alpysia earas mocha",
    "integrity": 100,
    "integrity_max": 100,
    "fabric_strength": 20,
    "reveal": 1,
    "word": "a",
    "plural": 0,
    "colour": 0,
    "colour_options": [],
    "colour_combat": 0,
    "type": ["normal"],
    "set": "alpysia ears",
    "gender": "n",
    "femininity": 200,
    "warmth": 0,
    "cost": 2500,
    "description": "某天变异的海兔所拥有的耳朵，它喜欢抹茶和樱花。",
    "shop": ["clothing"],
    "shopGroup": "alpysia ears",
    "accessory": 0,
    "accessory_colour": 0,
    "accessory_colour_options": [],
    "back_img": 0,
    "cursed": 0,
    "location": 0,
    "iconFile": 0,
    "accIcon": 0
  },
  {
    "index": 5,
    "author": "穆卿",
    "name": "jiamianheme",
    "name_cap": "Jiamianheme",
    "cn_name_cap": "假面舞会-姬",
    "variable": "jiamianheme",
    "integrity_max": 100,
    "integrity": 100,
    "fabric_strength": 30,
    "reveal": 200,
    "word": "a",
    "plural": 0,
    "colour": 0,
    "colour_options": [],
    "colour_sidebar": 0,
    "colour_combat": 0,
    "type": ["normal", "formal", "glasses", "serving", "shade"],
    "gender": "n",
    "femininity": 500,
    "warmth": 0,
    "cost": 50000,
    "description": "传说中的偶像组合假面舞会中其中一人的姬的面具",
    "shop": ["clothing", "school", "forest"],
    "accessory": 0,
    "accessory_colour": 0,
    "accessory_colour_options": [],
    "accessory_colour_sidebar": 0,
    "cursed": 0,
    "location": 0,
    "iconFile": "jiamianheme.png",
    "accIcon": 0,
    "mainImage": 1
  },
  {
    "index": 6,
    "author": "穆卿",
    "name": "jiamianmiya",
    "name_cap": "Jiamianmiya",
    "cn_name_cap": "假面舞会-宫",
    "variable": "jiamianmiya",
    "integrity_max": 100,
    "integrity": 100,
    "fabric_strength": 30,
    "reveal": 200,
    "word": "a",
    "plural": 0,
    "colour": 0,
    "colour_options": [],
    "colour_sidebar": 0,
    "colour_combat": 0,
    "type": ["normal", "formal", "glasses", "serving", "shade"],
    "gender": "n",
    "femininity": 500,
    "warmth": 0,
    "cost": 50000,
    "description": "传说中的偶像组合假面舞会中其中一人的宫的面具",
    "shop": ["clothing", "school", "forest"],
    "accessory": 0,
    "accessory_colour": 0,
    "accessory_colour_options": [],
    "accessory_colour_sidebar": 0,
    "cursed": 0,
    "location": 0,
    "iconFile": "jiamianmiya.png",
    "accIcon": 0,
    "mainImage": 1
  },
  {
    "index": 7,
    "author": "黑玉",
    "name": "little zombie makeup",
    "name_cap": "Little zombie makeup",
    "cn_name_cap": "小僵尸的妆容",
    "variable": "Littlezombiemakeup",
    "integrity_max": 200,
    "integrity": 200,
    "fabric_strength": 200,
    "reveal": 200,
    "word": "a",
    "plural": 0,
    "colour": 0,
    "colour_options": [],
    "colour_sidebar": 0,
    "colour_combat": 0,
    "type": ["cool", "costume", "mask", "dark", "stealthy", "sticky_fingers", "eerie", "covered", "hidden"],
    "gender": "n",
    "femininity": 0,
    "warmth": 0,
    "cost": 5000,
    "description": "一个以中式僵尸为主题的妆容",
    "shop": ["clothing", "forest"],
    "accessory": 1,
    "accessory_colour": 0,
    "accessory_colour_options": [],
    "accessory_colour_sidebar": 1,
    "accessory_layer_under": 1, 
    "cursed": 0,
    "location": 0,
    "iconFile": "little_zombie_makeup.png",
    "accIcon": 0,
    "mainImage": 1
  },
  {
    "index": 8,
    "author": "黑玉",
    "name": "little goat makeup",
    "name_cap": "little goat makeup",
    "cn_name_cap": "小山羊妆容",
    "variable": "littlegoatmakeup",
    "integrity_max": 500,
    "integrity": 500,
    "fabric_strength": 200,
    "reveal": 200,
    "word": "a",
    "plural": 0,
    "colour": 0,
    "colour_options": [],
    "colour_sidebar": 0,
    "colour_combat": 0,
    "type": ["cool", "costume", "mask", "dark", "stealthy", "sticky_fingers", "eerie", "covered", "hidden"],
    "gender": "n",
    "femininity": 0,
    "warmth": 0,
    "cost": 5000,
    "description": "以山羊为主题的妆容，虽然看起来更像恶魔",
    "shop": ["clothing", "forest"],
    "accessory": 1,
    "accessory_colour": 0,
    "accessory_colour_options": [],
    "accessory_colour_sidebar": 1,
    "accessory_layer_under": 1,
    "cursed": 0,
    "location": 0,
    "iconFile": "little_goat_makeup.png",
    "accIcon": 0,
    "mainImage": 1
  }
]