[
  {
    "index": 1,
    "author": "穆卿",
    "name": "maojiao",
    "name_cap": "Maojiao", "cn_name_cap": "毛手毛脚的脚",
    "variable": "maojiao",
    "integrity": 500,
    "integrity_max": 500,
    "fabric_strength": 30,
    "reveal": 200,
    "word": "a",
    "short": 0,
    "plural": 1,
    "colour": 0,
    "colour_options": [],
    "colour_sidebar": 0,
    "type": ["normal"],
    "gender": "n",
    "femininity": 0,
    "warmth": 2,
    "cost": 500,
    "description": "诶？这是谁留下的爪爪印呀？",
    "shop": ["clothing", "school", "adult", "forest"],
    "accessory": 0,
    "accessory_colour": 0,
    "accessory_colour_options": [],
    "cursed": 0,
    "location": 0,
    "iconFile": "maojiao.png",
    "accIcon": 0,
    "mainImage": 1
  },
  {
    "index": 2,
    "author": "稻谷",
    "name": "compass",
    "name_cap": "Compass",
    "cn_name_cap": "莉莉的锁链",
    "variable": "compass",
    "integrity_max": 500,
    "integrity": 500,
    "fabric_strength": 30,
    "reveal": 300,
    "word": "a",
    "short": 0,
    "plural": 0,
    "colour": 0,
    "colour_options": [],
    "colour_sidebar": 0,
    "colour_combat": 0,
    "type": ["normal"],
    "gender": "n",
    "femininity": 0,
    "warmth": 0,
    "cost": 2000,
    "description": "看上去有点妨碍行动",
    "shop": ["clothing", "forest"],
    "accessory": 0,
    "accessory_colour": 0,
    "accessory_colour_options": [],
    "accessory_colour_sidebar": 0,
    "accessory_colour_combat": 0,
    "cursed": 0,
    "location": 0,
    "iconFile": 0,
    "accIcon": 0,
    "mainImage": 1
  },
  {
    "index": 3,
    "author": "穆卿",
    "name": "yelaixiang",
    "name_cap": "Yelaixiang",
    "cn_name_cap": "夜来香之吻",
    "variable": "yelaixiang",
    "integrity_max": 500,
    "integrity": 500,
    "fabric_strength": 30,
    "reveal": 300,
    "word": "a",
    "short": 0,
    "plural": 1,
    "colour": 0,
    "colour_options": [],
    "colour_sidebar": 0,
    "colour_combat": 0,
    "type": ["normal"],
    "gender": "n",
    "femininity": 0,
    "warmth": 3,
    "cost": 500,
    "description": "夜来香之吻高跟鞋，绑带超超超可爱",
    "shop": ["clothing", "school", "adult", "forest"],
    "accessory": 0,
    "accessory_colour": 0,
    "accessory_colour_options": [],
    "accessory_colour_sidebar": 0,
    "accessory_colour_combat": 0,
    "cursed": 0,
    "location": 0,
    "iconFile": 0,
    "accIcon": 0,
    "mainImage": 1
  },
  {
    "index": 4,
    "author": "稻谷",
    "name": "mantoka",
    "name_cap": "mantoka",
    "cn_name_cap": "魔法少女鞋子",
    "variable": "mantoka",
    "integrity_max": 500,
    "integrity": 500,
    "fabric_strength": 30,
    "reveal": 300,
    "word": "a",
    "short": 0,
    "plural": 1,
    "colour": 0,
    "colour_options": [],
    "colour_sidebar": 0,
    "colour_combat": 0,
    "type": [
      "normal"
    ],
    "gender": "n",
    "femininity": 0,
    "warmth": 3,
    "cost": 500,
    "description": "",
    "shop": [
      "clothing",
      "school",
      "adult",
      "forest"
    ],
    "accessory": 0,
    "accessory_colour": 0,
    "accessory_colour_options": [],
    "accessory_colour_sidebar": 0,
    "accessory_colour_combat": 0,
    "cursed": 0,
    "location": 0,
    "iconFile": 0,
    "accIcon": 0,
    "mainImage": 1
  },
  {
    "index": 5,
    "author": "稻谷",
    "name": "butterfly",
    "name_cap": "butterfly",
    "cn_name_cap": "蝴蝶舞鞋",
    "variable": "butterfly",
    "integrity_max": 500,
    "integrity": 500,
    "fabric_strength": 200,
    "reveal": 700,
    "word": "a",
    "short": 0,
    "plural": 1,
    "colour": 0,
    "colour_options": ["black", "blue", "brown", "green", "pink", "purple", "red", "tangerine", "teal", "white", "yellow", "custom"],
    "colour_sidebar": 1,
    "colour_combat": 0,
    "type": ["normal", "dance", "fetish", "heels", "unstealthy"],
    "gender": "f",
    "femininity": 200,
    "warmth": 0,
    "cost": 2000,
    "description": "像蝴蝶一样起舞吧，伴着月色与情欲。",
    "shop": ["clothing", "forest"],
    "accessory": 0,
    "accessory_colour": 0,
    "accessory_colour_options": [],
    "accessory_colour_sidebar": 0,
    "accessory_colour_combat": 0,
    "cursed": 0,
    "location": 0,
    "iconFile": 0,
    "accIcon": 0,
    "mainImage": 1
  },
  {
    "index": 6,
    "author": "穆卿",
    "name": "duoluo",
    "name_cap": "Duoluo",
    "cn_name_cap": "堕落医师的鞋子",
    "variable": "duoluo",
    "integrity_max": 500,
    "integrity": 500,
    "fabric_strength": 30,
    "reveal": 300,
    "word": "a",
    "short": 0,
    "plural": 1,
    "colour": 0,
    "colour_options": ["primary", "black", "blue", "brown", "green", "pink", "purple", "red", "tangerine", "teal", "white", "yellow", "custom"],
    "colour_sidebar": 1,
    "colour_combat": 0,
    "type": ["normal"],
    "gender": "n",
    "femininity": 0,
    "warmth": 3,
    "cost": 500,
    "description": "隐藏着代码力量的鞋子啊，在我面前显示你真正的力量。给我平平安安的好用啊！！！",
    "shop": ["clothing", "school", "adult", "forest"],
    "accessory": 0,
    "accessory_colour": 0,
    "accessory_colour_options": [],
    "accessory_colour_sidebar": 0,
    "accessory_colour_combat": 0,
    "cursed": 0,
    "location": 0,
    "iconFile": 0,
    "accIcon": 0,
    "mainImage": 1
  },
  {
    "index": 7,
    "author": "穆卿",
    "name": "fengtang",
    "name_cap": "Fengtang",
    "cn_name_cap": "枫糖的高跟鞋",
    "variable": "fengtang",
    "integrity_max": 500,
    "integrity": 500,
    "fabric_strength": 30,
    "reveal": 300,
    "word": "a",
    "short": 0,
    "plural": 1,
    "colour": 0,
    "colour_options": [],
    "colour_sidebar": 0,
    "colour_combat": 0,
    "type": ["normal"],
    "gender": "n",
    "femininity": 0,
    "warmth": 3,
    "cost": 500,
    "description": "求求了别爆红了",
    "shop": ["clothing", "school", "adult", "forest"],
    "accessory": 0,
    "accessory_colour": 0,
    "accessory_colour_options": [],
    "accessory_colour_sidebar": 0,
    "accessory_colour_combat": 0,
    "cursed": 0,
    "location": 0,
    "iconFile": "fengtang.png",
    "accIcon": 0,
    "mainImage": 1
  },
  {
    "index": 8,
    "author": "土豆",
    "name": "shewei",
    "name_cap": "shewei","cn_name_cap": "蛇尾",
    "variable": "shewei",
    "integrity": 100,
    "integrity_max": 100,
    "fabric_strength": 20,
    "reveal": 300,
    "word": "n",
    "one_piece": 1,
    "plural": 1,
    "colour": 0,
    "colour_options": ["black", "blue", "brown", "green", "pink", "purple", "red", "tangerine", "teal", "white", "yellow", "custom"],
    "colour_sidebar": 1,
    "type": ["swim", "heels"],
    "set": "shewei",
    "gender": "f",
    "femininity": 200,
    "warmth": 3,
    "cost": 0,
    "description": "你抓不住我，我是山里灵活的蛇。",
    "shop": ["clothing", "forest"],
    "accessory": 0,
    "accessory_colour": 0,
    "accessory_colour_options": [],
    "cursed": 0,
    "location": 0,
    "iconFile": "shewei.png",
    "accIcon": 0,
    "mainImage": 1
  },
  {
    "index": 9,
    "author": "稻谷",
    "name": "heipixie",
    "name_cap": "Heipixie",
    "cn_name_cap": "黑皮鞋",
    "variable": "heipixie",
    "integrity_max": 500,
    "integrity": 500,
    "fabric_strength": 30,
    "reveal": 300,
    "word": "a",
    "short": 0,
    "plural": 0,
    "colour": 0,
    "colour_options": [],
    "colour_sidebar": 0,
    "colour_combat": 0,
    "type": ["normal", "athletic"],
    "gender": "n",
    "femininity": 0,
    "warmth": 0,
    "cost": 2000,
    "description": "黑色的普通皮鞋",
    "shop": ["clothing", "forest"],
    "accessory": 0,
    "accessory_colour": 0,
    "accessory_colour_options": [],
    "accessory_colour_sidebar": 0,
    "accessory_colour_combat": 0,
    "cursed": 0,
    "location": 0,
    "iconFile": 0,
    "accIcon": 0,
    "mainImage": 1
  },
  {
    "index": 9,
    "name": "kyouko",
    "name_cap": "kyouko",
    "cn_name_cap": "kyouko",
    "variable": "kyouko",
    "integrity_max": 500,
    "integrity": 500,
    "fabric_strength": 30,
    "reveal": 300,
    "word": "a",
    "short": 0,
    "plural": 0,
    "colour": 0,
    "colour_options": [],
    "colour_sidebar": 0,
    "colour_combat": 0,
    "type": ["normal", "athletic"],
    "gender": "n",
    "femininity": 0,
    "warmth": 0,
    "cost": 2000,
    "description": "",
    "shop": ["clothing", "forest"],
    "accessory": 0,
    "accessory_colour": 0,
    "accessory_colour_options": [],
    "accessory_colour_sidebar": 0,
    "accessory_colour_combat": 0,
    "cursed": 0,
    "location": 0,
    "iconFile": 0,
    "accIcon": 0,
    "mainImage": 1
  },
  {
    "index": 10,
    "author": "黑玉",
    "name": "plush boots",
    "name_cap": "Plush boots",
    "cn_name_cap": "毛绒靴子",
    "variable": "plushboots",
    "integrity_max": 500,
    "integrity": 500,
    "fabric_strength": 500,
    "reveal": 300,
    "word": "a",
    "short": 0,
    "plural": 1,
    "colour": 0,
    "colour_options": [],
    "colour_sidebar": 0,
    "colour_combat": 0,
    "type": ["normal", "sleep"],
    "gender": "n",
    "femininity": 0,
    "warmth": 3,
    "cost": 2000,
    "description": "温暖又舒适的靴子",
    "shop": ["clothing", "forest"],
    "accessory": 0,
    "accessory_colour": 0,
    "accessory_colour_options": [],
    "accessory_colour_sidebar": 0,
    "accessory_colour_combat": 0,
    "cursed": 0,
    "location": 0,
    "iconFile": "plush_boots.png",
    "accIcon": 0,
    "mainImage": 1
  },
  {
    "index": 11,
    "author": "挽风",
    "name": "court heels",
    "name_cap": "Court heels",
    "cn_name_cap": "尖头宫廷高跟鞋",
    "variable": "courtheels01",
    "shopGroup": "courtheels",
    "integrity": 200,
    "integrity_max": 200,
    "fabric_strength": 20,
    "reveal": 500,
    "word": "n",
    "plural": 1,
    "colour": 0,
    "colour_options": ["black", "blue", "brown", "green", "pink", "purple", "red", "tangerine", "teal", "white", "yellow", "custom"],
    "colour_sidebar": 1,
    "type": ["formal", "serving", "heels"],
    "gender": "f",
    "femininity": 200,
    "warmth": 3,
    "cost": 12500,
    "description": "经典永不过时。",
    "shop": ["clothing", "adult"],
    "accessory": 0,
    "accessory_colour": 0,
    "accessory_colour_options": [],
    "cursed": 0,
    "location": 0,
    "iconFile": "court_heels01.png",
    "accIcon": 0
  },
  {
    "index": 12,
    "shopGroup": "tuxue",
    "author": "陆舟",
    "name": "tuxue",
    "name_cap": "Tuxue",
    "cn_name_cap": "兔耳靴子",
    "variable": "tuxue",
    "integrity_max": 100,
    "integrity": 100,
    "fabric_strength": 30,
    "reveal": 100,
    "word": "a",
    "short": 0,
    "plural": 1,
    "colour": 0,
    "colour_options": ["black", "blue", "brown", "green", "pink", "purple", "red", "tangerine", "teal", "white", "yellow", "custom"],
    "colour_sidebar": 1,
    "colour_combat": 0,
    "type": ["normal", "cool", "heels"],
    "gender": "n",
    "femininity": 0,
    "warmth": 3,
    "cost": 500,
    "description": "兔耳靴子，可爱的靴子走起来叽叽的兔叫",
    "shop": ["clothing", "school", "adult", "forest"],
    "accessory": 1,
    "accessory_colour": 1,
    "accessory_colour_options": ["black", "blue", "brown", "green", "pink", "purple", "red", "tangerine", "teal", "white", "yellow", "custom"],
    "accessory_colour_sidebar": 1,
    "accessory_colour_combat": 0,
    "cursed": 0,
    "location": 0,
    "iconFile": 0,
    "accIcon": 0,
    "mainImage": 1
  },
  {
    "index": 13,
    "author": "陆舟",
    "shopGroup": "tuxue",
    "name": "tuxue",
    "name_cap": "Tuxue",
    "cn_name_cap": "兔耳靴子",
    "variable": "tuxue",
    "integrity_max": 100,
    "integrity": 100,
    "fabric_strength": 30,
    "reveal": 100,
    "word": "a",
    "short": 0,
    "plural": 1,
    "colour": 0,
    "colour_options": [],
    "colour_sidebar": 0,
    "colour_combat": 0,
    "type": ["normal", "cool", "heels"],
    "gender": "n",
    "femininity": 0,
    "warmth": 3,
    "cost": 500,
    "description": "兔耳靴子，可爱的靴子走起来叽叽的兔叫",
    "shop": ["clothing", "school", "adult", "forest"],
    "accessory": 1,
    "accessory_colour": 1,
    "accessory_colour_options": ["black", "blue", "brown", "green", "pink", "purple", "red", "tangerine", "teal", "white", "yellow", "custom"],
    "accessory_colour_sidebar": 1,
    "accessory_colour_combat": 0,
    "cursed": 0,
    "location": 0,
    "iconFile": "tuxue.png",
    "accIcon": 0,
    "mainImage": 1
  },
  {
    "index": 14,
    "author": "叶斯",
    "name": "lianlianx",
    "name_cap": "Lianlianx",
    "cn_name_cap": "莲莲鞋",
    "variable": "lianlianx",
    "integrity": 900,
    "integrity_max": 900,
    "fabric_strength": 100,
    "reveal": 50,
    "word": "n",
    "plural": 1,
    "colour": 0,
    "colour_options": ["black", "blue", "brown", "green", "pink", "purple", "red", "tangerine", "teal", "white", "yellow", "custom"],
    "colour_sidebar": 1,
    "type": ["normal", "formal", "school", "heels"],
    "gender": "f",
    "femininity": 0,
    "warmth": 3,
    "cost": 500,
    "description": "Jingles when you walk.",
    "shop": ["clothing", "forest"],
    "accessory": 0,
    "accessory_colour": 0,
    "accessory_colour_options": [],
    "cursed": 0,
    "location": 0,
    "iconFile": "lianlianx.png",
    "accIcon": 0
  },
  {
    "index": 15,
    "author": "小企",
    "name": "hudiejiepixie",
    "name_cap": "Hudiejiepixie",
    "cn_name_cap": "蝴蝶结皮鞋",
    "variable": "hudiejiepixie",
    "integrity_max": 500,
    "integrity": 500,
    "fabric_strength": 30,
    "reveal": 50,
    "word": "a",
    "short": 0,
    "plural": 1,
    "colour": 0,
    "colour_options": ["black", "blue", "brown", "green", "pink", "purple", "red", "tangerine", "teal", "white", "yellow", "custom"],
    "colour_sidebar": 1,
    "colour_combat": 0,
    "type": ["normal"],
    "gender": "f",
    "femininity": 100,
    "warmth": 3,
    "cost": 10000,
    "description": "有大蝴蝶结配饰的可爱小皮鞋。",
    "shop": ["clothing"],
    "accessory": 0,
    "accessory_colour": 0,
    "accessory_colour_options": [],
    "accessory_colour_sidebar": 0,
    "accessory_colour_combat": 0,
    "cursed": 0,
    "location": 0,
    "iconFile": "hudiejiepixie.png",
    "accIcon": 0,
    "mainImage": 1
  },
  {
    "index": 16,
    "author": "小企",
    "name": "hotlimitshoes",
    "name_cap": "Hotlimitshoes",
    "cn_name_cap": "Hotlimit鞋子",
    "variable": "hotlimitshoes",
    "integrity_max": 500,
    "integrity": 500,
    "fabric_strength": 30,
    "reveal": 500,
    "word": "a",
    "short": 0,
    "plural": 1,
    "colour": 0,
    "colour_options": [],
    "colour_sidebar": 0,
    "colour_combat": 0,
    "type": ["cool", "dance", "heels"],
    "gender": "n",
    "femininity": 200,
    "warmth": 1,
    "cost": 10000,
    "description": "阳！性！",
    "shop": ["clothing", "adult", "forest"],
    "accessory": 0,
    "accessory_colour": 0,
    "accessory_colour_options": [],
    "accessory_colour_sidebar": 0,
    "accessory_colour_combat": 0,
    "cursed": 0,
    "location": 0,
    "iconFile": "hotlimitshoes.png",
    "accIcon": 0,
    "mainImage": 1
  },
  {
    "index": 17,
    "author": "黑玉",
    "name": "Idia Suitor Suit shoes",
    "name_cap": "Idia Suitor Suit shoes",
    "cn_name_cap": "Idia新郎服的鞋",
    "variable": "IdiaSuitorSuitshoes",
    "integrity_max": 900,
    "integrity": 900,
    "fabric_strength": 500,
    "reveal": 200,
    "word": "a",
    "short": 0,
    "plural": 1,
    "colour": 0,
    "colour_options": [],
    "colour_sidebar": 0,
    "colour_combat": 0,
    "type": ["formal", "cool", "dance", "costume"],
    "gender": "n",
    "femininity": 0,
    "warmth": 3,
    "cost": 5000,
    "description": "一双适配新郎服的鞋子",
    "shop": ["clothing", "forest"],
    "accessory": 0,
    "accessory_colour": 0,
    "accessory_colour_options": [],
    "accessory_colour_sidebar": 0,
    "accessory_colour_combat": 0,
    "cursed": 0,
    "location": 0,
    "iconFile": "Idia_Suitor_Suit_shoes.png",
    "accIcon": 0,
    "mainImage": 1
  },
  {
    "index": 18,
    "author": "黑玉",
    "name": "Christmas boots",
    "name_cap": "Christmas boots",
    "cn_name_cap": "圣诞短靴",
    "variable": "Christmasboots",
    "integrity_max": 900,
    "integrity": 900,
    "fabric_strength": 500,
    "reveal": 300,
    "word": "a",
    "short": 0,
    "plural": 1,
    "colour": 0,
    "colour_options": [],
    "colour_sidebar": 0,
    "colour_combat": 0,
    "type": ["formal", "cool", "costume"],
    "gender": "n",
    "femininity": 0,
    "warmth": 3,
    "cost": 5000,
    "description": "一双温暖的圣诞短靴",
    "shop": ["clothing", "forest"],
    "accessory": 0,
    "accessory_colour": 0,
    "accessory_colour_options": [],
    "accessory_colour_sidebar": 0,
    "accessory_colour_combat": 0,
    "cursed": 0,
    "location": 0,
    "iconFile": "Christmas_boots.png",
    "accIcon": 0,
    "mainImage": 1
  }
]