[
    {
      "index": 1,
      "author": "miyako4828&Fibonacci",
      "name": "oldmartinboots_Fibonacci",
      "name_cap": "Oldmartinboots Fibonacci", 
      "cn_name_cap": "旧马丁靴 Fibonacci",
      "variable": "oldmartinboots_Fibonacci",
      "integrity": 900,
      "integrity_max": 900,
      "fabric_strength": 50,
      "reveal": 200,
      "word": "a",
      "short": 0,
      "plural": 1,
      "colour": 0,
      "colour_options": [],
      "colour_sidebar": 0,
      "type": ["normal", "school", "diving"],
      "gender": "n",
      "femininity": 0,
      "warmth": 1,
      "cost": 20000,
      "description": "破旧，但依旧耐穿。",
      "shop": ["clothing", "school", "forest"],
      "accessory": 0,
      "accessory_colour": 0,
      "accessory_colour_options": [],
      "cursed": 0,
      "location": 0,
      "iconFile": "oldmartinboots_Fibonacci_icon.png",
      "accIcon": 0,
      "mainImage": 1
    }
]