 [
    {
        "index": 1,
        "author": "miyako4828&Fibonacci",
        "name": "board_Fibonacci",
        "name_cap": "Board Fibonacci",
        "cn_name_cap": "木制记事板 Fibonacci",
        "variable": "board_Fibonacci",
        "integrity": 120,
        "integrity_max": 120,
        "fabric_strength": 10,
        "reveal": 100,
        "word": "a",
        "plural": 0,
        "mask_img": 0,
        "colour": 0,
        "colour_options": [],
        "colour_sidebar": 0,
        "type": ["rainproof", "shade"],
        "gender": "n",
        "femininity": 0,
        "warmth": 0,
        "cost": 1000,
        "description": "不一定用来记事，也是绘画的不错用具。",
        "shop": ["clothing"],
        "accessory": 0,
        "accessory_colour": 0,
        "accessory_colour_options": [],
        "accessory_colour_sidebar": 0,
        "back_img": 0,
        "back_img_acc": 0,
        "back_img_acc_colour": 0,
        "cursed": 0,
        "location": 0,
        "iconFile": "board_Fibonacci_icon.png",
        "accIcon": 0
    }
]