[
  {
    "index": 1,
    "author": "穆卿",
    "name": "maoshou",
    "name_cap": "Maoshou", "cn_name_cap": "毛手毛脚的手",
    "variable": "maoshou",
    "integrity": 500,
    "integrity_max": 500,
    "fabric_strength": 30,
    "reveal": 200,
    "word": "n",
    "short": 0,
    "plural": 1,
    "colour": 0,
    "colour_options": [],
    "colour_sidebar": 0,
    "colour_combat": 0,
    "type": ["formal"],
    "gender": "n",
    "femininity": 200,
    "warmth": 6,
    "cost": 500,
    "description": "诶嘿嘿肉球，不给你看！",
    "shop": ["clothing", "school", "adult", "forest"],
    "accessory": 0,
    "accessory_colour": 0,
    "accessory_colour_options": [],
    "back_img": 0,
    "cursed": 0,
    "location": 0,
    "iconFile": "maoshou.png",
    "accIcon": 0,
    "mainImage": 0,
    "leftImage": 1,
    "rightImage": 1
    },
  {
    "index": 2,
    "author": "稻谷",
    "name": "shanzi",
    "name_cap": "shanzi",
    "cn_name_cap": "华美扇子",
    "variable": "shanzi",
    "integrity": 500,
    "integrity_max": 500,
    "fabric_strength": 30,
    "reveal": 200,
    "word": "n",
    "short": 0,
    "plural": 1,
    "colour": 0,
    "colour_options": [],
    "colour_sidebar": 0,
    "colour_combat": 0,
    "type": [
      "formal"
    ],
    "gender": "n",
    "femininity": 200,
    "warmth": 6,
    "cost": 500,
    "description": "一把华丽的扇子",
    "shop": [
      "clothing",
      "school",
      "adult",
      "forest"
    ],
    "accessory": 0,
    "accessory_colour": 0,
    "accessory_colour_options": [],
    "back_img": 0,
    "cursed": 0,
    "location": 0,
    "iconFile": "shanzi.png",
    "accIcon": 0,
    "mainImage": 0,
    "leftImage": 1,
    "rightImage": 0
  },
  {
    "index": 3,
    "author": "穆卿",
    "name": "fengtang",
    "name_cap": "Fengtang",
    "cn_name_cap": "枫糖的袖套",
    "variable": "fengtang",
    "integrity_max": 100,
    "integrity": 100,
    "fabric_strength": 30,
    "reveal": 200,
    "word": "n",
    "short": 0,
    "plural": 1,
    "colour": 0,
    "colour_options": [],
    "colour_sidebar": 0,
    "colour_combat": 0,
    "type": ["normal"],
    "gender": "n",
    "femininity": 100,
    "warmth": 6,
    "cost": 500,
    "description": "代码代码按我心意，快快显灵。",
    "shop": ["clothing", "school", "adult", "forest"],
    "accessory": 0,
    "accessory_colour": 0,
    "accessory_colour_options": [],
    "back_img": 0,
    "cursed": 0,
    "location": 0,
    "iconFile": "fengtang.png",
    "accIcon": 0,
    "mainImage": 0,
    "leftImage": 1,
    "rightImage": 1
  },
  {
    "index": 4,
    "author": "小企",
    "name": "faquan",
    "name_cap": "Faquan",
    "cn_name_cap": "发圈",
    "variable": "faquan",
    "integrity_max": 500,
    "integrity": 500,
    "fabric_strength": 30,
    "reveal": 100,
    "word": "a",
    "plural": 0,
    "colour": 0,
    "colour_options": ["black", "blue", "brown", "green", "pink", "purple", "red", "tangerine", "teal", "white", "yellow", "custom"],
    "colour_sidebar": 1,
    "colour_combat": 0,
    "type": ["normal", "cool"],
    "gender": "n",
    "femininity": 0,
    "warmth": 0,
    "cost": 1000,
    "description": "束发用发圈，很多女孩喜欢将其戴在手腕上。",
    "shop": ["clothing"],
    "accessory": 0,
    "accessory_colour": 0,
    "accessory_colour_options": [],
    "accessory_colour_sidebar": 0,
    "back_img": 0,
    "cursed": 0,
    "location": 0,
    "iconFile": "faquan.png",
    "accIcon": "faquan_acc.png",
    "mainImage": 0,
    "leftImage": 0,
    "rightImage": 1
  },
  {
    "index": 5,
    "author": "黑玉",
    "name": "pure white gloves",
    "name_cap": "Pure white gloves",
    "cn_name_cap": "纯白手套",
    "variable": "purewhitegloves",
    "integrity_max": 500,
    "integrity": 500,
    "fabric_strength": 200,
    "reveal": 200,
    "word": "a",
    "plural": 1,
    "colour": 0,
    "colour_options": [],
    "colour_sidebar": 0,
    "colour_combat": 0,
    "type": ["formal", "cool", "costume"],
    "gender": "n",
    "femininity": 0,
    "warmth": 3,
    "cost": 2000,
    "description": "一双很有品味的白色手套",
    "shop": ["clothing", "forest"],
    "accessory": 0,
    "accessory_colour": 0,
    "accessory_colour_options": [],
    "accessory_colour_sidebar": 0,
    "back_img": 0,
    "cursed": 0,
    "location": 0,
    "iconFile": "pure_white_gloves.png",
    "accIcon": 0,
    "mainImage": 0,
    "leftImage": 1,
    "rightImage": 1
  },
  {
    "index": 6,
    "author": "头头",
    "name": "tiaowenmeijia",
    "name_cap": "Tiaowenmeijia",
    "cn_name_cap": "带美甲的条纹袖套",
    "variable": "tiaowenmeijia",
    "integrity_max": 100,
    "integrity": 100,
    "fabric_strength": 20,
    "reveal": 100,
    "word": "a",
    "plural": 1,
    "colour": 0,
    "colour_options": ["black", "blue", "brown", "green", "pink", "purple", "red", "tangerine", "teal", "white", "yellow", "custom"],
    "colour_sidebar": 1,
    "colour_combat": 0,
    "type": ["normal", "cool"],
    "gender": "n",
    "femininity": 0,
    "warmth": 1,
    "cost": 20000,
    "description": "亚亚的",
    "shop": ["clothing", "school", "adult", "forest"],
    "accessory": 0,
    "accessory_colour": 0,
    "accessory_colour_options": [],
    "accessory_colour_sidebar": 0,
    "back_img": 0,
    "cursed": 0,
    "location": 0,
    "iconFile": "tiaowenmeijia.png",
    "accIcon": 0,
    "mainImage": 0,
    "leftImage": 1,
    "rightImage": 1
  },
  {
    "index": 7,
    "author": "叶斯",
    "name": "cosyonghushou",
    "name_cap": "Cosyonghushou",
    "cn_name_cap": "cos用护手",
    "variable": "cosyonghushou",
    "integrity_max": 900,
    "integrity": 900,
    "fabric_strength": 100,
    "reveal": 200,
    "word": "a",
    "plural": 0,
    "colour": 0,
    "colour_options": ["black", "blue", "brown", "green", "pink", "purple", "red", "tangerine", "teal", "white", "yellow", "custom"],
    "colour_sidebar": 1,
    "colour_combat": 0,
    "type": ["school", "holy", "rainproof", "shade", "athletic"],
    "gender": "n",
    "femininity": 0,
    "warmth": 3,
    "cost": 500,
    "description": "来自异世界的服饰，现用于cosplay，感觉穿上它就能一拳十个贝利(？",
    "shop": ["clothing", "forest"],
    "accessory": 0,
    "accessory_colour": 0,
    "accessory_colour_options": [],
    "accessory_colour_sidebar": 0,
    "back_img": 0,
    "cursed": 0,
    "location": 0,
    "iconFile": "cosyonghushou.png",
    "accIcon": 0,
    "mainImage": 0,
    "leftImage": 0,
    "rightImage": 1
  }
]