[
  {
    "index": 1,
    "author": "稻谷",
    "name": "compass",
    "name_cap": "Compass",
    "cn_name_cap": "莉莉的缎带",
    "variable": "compass",
    "integrity_max": 50,
    "integrity": 50,
    "fabric_strength": 15,
    "reveal": 200,
    "word": "a",
    "one_piece": 0,
    "plural": 0,
    "hood": 0,
    "mask_img": 0,
    "mask_img_ponytail": 0,
    "colour": 0,
    "colour_options": [],
    "colour_sidebar": 0,
    "colour_combat": 0,
    "type": ["normal", "formal", "dark", "rainproof", "shade"],
    "gender": "f",
    "femininity": 100,
    "warmth": 0,
    "cost": 500,
    "description": "kilakila~",
    "shop": ["clothing", "forest"],
    "accessory": 0,
    "accessory_colour": 0,
    "accessory_colour_options": [],
    "accessory_colour_sidebar": 0,
    "back_img": 0,
    "cursed": 0,
    "location": 0,
    "iconFile": 0,
    "accIcon": 0,
    "mainImage": 1
    },
    {
    "index": 2,
    "author": "土豆",
    "name": "Halloween maozi",
    "name_cap": "Halloween maozi",
    "cn_name_cap": "南瓜女巫帽",
    "variable": "Halloween",
    "integrity_max": 900,
    "integrity": 900,
    "fabric_strength": 1000,
    "reveal": 500,
    "word": "a",
    "plural": 0,
    "colour": 0,
    "colour_options": [],
    "colour_sidebar": 0,
    "colour_combat": 0,
    "type": ["formal", "school", "cool", "serving", "rainproof"],
    "gender": "f",
    "femininity": 200,
    "warmth": 3,
    "cost": 0,
    "description": "万圣节南瓜女巫帽，戴上它去老贝登那顺点糖果",
    "shop": ["clothing", "school", "adult", "forest"],
    "accessory": 0,
    "accessory_colour": 0,
    "accessory_colour_options": [],
    "accessory_colour_sidebar": 0,
    "cursed": 0,
    "location": 0,
    "iconFile": 0,
    "accIcon": 0,
    "mainImage": 1
  },
  {
    "index": 3,
    "author": "稻谷",
    "name": "mantoka",
    "name_cap": "Mantoka",
    "cn_name_cap": "迷之生物",
    "variable": "mantoka",
    "integrity_max": 900,
    "integrity": 900,
    "fabric_strength": 30,
    "reveal": 900,
    "word": "a",
    "one_piece": 0,
    "plural": 0,
    "hood": 0,
    "mask_img": 0,
    "mask_img_ponytail": 0,
    "colour": 0,
    "colour_options": [],
    "colour_sidebar": 0,
    "colour_combat": 0,
    "type": ["normal", "dark", "bimbo", "shade", "esoteric"],
    "gender": "n",
    "femininity": 0,
    "warmth": 3,
    "cost": 500,
    "description": "什么怪东西……杀了算了吧。",
    "shop": ["clothing", "adult", "forest"],
    "accessory": 0,
    "accessory_colour": 0,
    "accessory_colour_options": [],
    "accessory_colour_sidebar": 0,
    "back_img": 0,
    "cursed": 0,
    "location": 0,
    "iconFile": 0,
    "accIcon": 0,
    "mainImage": 1
  },
  {
    "index": 4,
    "author": "稻谷",
    "name": "hefu",
    "name_cap": "Hefu",
    "cn_name_cap": "日式缎带",
    "variable": "hefu",
    "integrity_max": 50,
    "integrity": 50,
    "fabric_strength": 15,
    "reveal": 200,
    "word": "a",
    "one_piece": 0,
    "plural": 0,
    "hood": 0,
    "mask_img": 0,
    "mask_img_ponytail": 0,
    "colour": 0,
    "colour_options": [],
    "colour_sidebar": 0,
    "colour_combat": 0,
    "type": ["normal", "formal", "dark", "rainproof", "shade"],
    "gender": "f",
    "femininity": 100,
    "warmth": 0,
    "cost": 500,
    "description": "花朵艳丽终会凋零",
    "shop": ["clothing", "forest"],
    "accessory": 0,
    "accessory_colour": 0,
    "accessory_colour_options": [],
    "accessory_colour_sidebar": 0,
    "back_img": 0,
    "cursed": 0,
    "location": 0,
    "iconFile": 0,
    "accIcon": 0,
    "mainImage": 1
  },
  {
    "index": 5,
    "author": "稻谷",
    "name": "honggaitou",
    "name_cap": "Honggaitou",
    "cn_name_cap": "红盖头",
    "variable": "honggaitou",
    "integrity_max": 50,
    "integrity": 50,
    "fabric_strength": 15,
    "reveal": 500,
    "word": "a",
    "one_piece": 0,
    "plural": 0,
    "hood": 0,
    "mask_img": 0,
    "mask_img_ponytail": 0,
    "colour": 0,
    "colour_options": [],
    "colour_sidebar": 0,
    "colour_combat": 0,
    "type": ["normal", "formal", "rainproof", "shade", "chastity"],
    "gender": "f",
    "femininity": 100,
    "warmth": 0,
    "cost": 500,
    "description": "掀起这个，你就可以获得幸福",
    "shop": ["clothing", "forest"],
    "accessory": 0,
    "accessory_colour": 0,
    "accessory_colour_options": [],
    "accessory_colour_sidebar": 0,
    "back_img": 0,
    "cursed": 0,
    "location": 0,
    "iconFile": 0,
    "accIcon": 0,
    "mainImage": 1
  },
  {
    "index": 6,
    "author": "稻谷",
    "name": "qiru",
    "name_cap": "Qiru",
    "cn_name_cap": "蓝色绒花",
    "variable": "qiru",
    "integrity_max": 20,
    "integrity": 20,
    "fabric_strength": 1,
    "reveal": 200,
    "word": "a",
    "one_piece": 0,
    "plural": 0,
    "hood": 0,
    "mask_img": 0,
    "mask_img_ponytail": 0,
    "colour": 0,
    "colour_options": [],
    "colour_sidebar": 0,
    "colour_combat": 0,
    "type": ["normal", "formal", "rainproof", "shade", "esoteric"],
    "gender": "f",
    "femininity": 100,
    "warmth": 0,
    "cost": 500,
    "description": "两情若是久长时，又岂在朝朝暮暮",
    "shop": ["clothing", "forest"],
    "accessory": 0,
    "accessory_colour": 0,
    "accessory_colour_options": [],
    "accessory_colour_sidebar": 0,
    "back_img": 0,
    "cursed": 0,
    "location": 0,
    "iconFile": 0,
    "accIcon": 0,
    "mainImage": 1
  },
  {
    "index": 7,
    "author": "稻谷",
    "name": "wedding_flower",
    "name_cap": "Wedding_flower",
    "cn_name_cap": "婚礼捧花",
    "variable": "wedding_flower",
    "integrity_max": 500,
    "integrity": 500,
    "fabric_strength": 30,
    "reveal": 200,
    "word": "a",
    "one_piece": 0,
    "plural": 0,
    "hood": 0,
    "mask_img": 0,
    "mask_img_ponytail": 0,
    "colour": 0,
    "colour_options": [],
    "colour_sidebar": 0,
    "colour_combat": 0,
    "type": ["formal", "holy", "chastity", "hidden"],
    "gender": "n",
    "femininity": 0,
    "warmth": 3,
    "cost": 1000,
    "description": "纯洁的捧花带来幸福！",
    "shop": ["clothing", "adult", "forest"],
    "accessory": 0,
    "accessory_colour": 0,
    "accessory_colour_options": [],
    "accessory_colour_sidebar": 0,
    "back_img": 0,
    "cursed": 0,
    "location": 0,
    "iconFile": 0,
    "accIcon": 0,
    "mainImage": 1
  },
  {
    "index": 8,
    "author": "陆舟",
    "name": "strawberry hairpin",
    "name_cap": "Strawberry hairpin",
    "cn_name_cap": "草莓发卡",
    "variable": "strawberryhairpin",
    "integrity": 50,
    "integrity_max": 50,
    "fabric_strength": 20,
    "reveal": 1,
    "word": "a",
    "plural": 0,
    "colour": 0,
    "colour_options": [],
    "colour_combat": 0,
    "type": ["normal"],
    "gender": "n",
    "femininity": 200,
    "warmth": 0,
    "cost": 500,
    "description": "你听说了吗，吃草莓是不需要去籽的，真神奇啊！",
    "shop": ["clothing", "school"],
    "accessory": 0,
    "accessory_colour": 0,
    "accessory_colour_options": [],
    "back_img": 0,
    "cursed": 0,
    "location": 0,
    "iconFile": 0,
    "accIcon": 0
  },
  {
    "index": 9,
    "author": "陆舟",
    "name": "strawberry hairpinnd",
    "name_cap": "Strawberry hairpinnd",
    "cn_name_cap": "草莓发卡款式二",
    "variable": "strawberryhairpinnd",
    "integrity": 50,
    "integrity_max": 50,
    "fabric_strength": 20,
    "reveal": 1,
    "word": "a",
    "plural": 0,
    "colour": 0,
    "colour_options": [],
    "colour_combat": 0,
    "type": ["normal"],
    "gender": "n",
    "femininity": 200,
    "warmth": 0,
    "cost": 500,
    "description": "你听说了吗，吃草莓是不需要去籽的，真神奇啊！据说款式二是因作者有选择恐惧症而诞生的。",
    "shop": ["clothing", "school"],
    "accessory": 0,
    "accessory_colour": 0,
    "accessory_colour_options": [],
    "back_img": 0,
    "cursed": 0,
    "location": 0,
    "iconFile": 0,
    "accIcon": 0
  },
  {
    "index": 10,
    "author": "陆舟",
    "name": "whose mask",
    "name_cap": "Whose mask",
    "cn_name_cap": "恶魔的面具",
    "variable": "whosemask",
    "integrity_max": 900,
    "integrity": 900,
    "fabric_strength": 200,
    "reveal": 500,
    "word": "a",
    "one_piece": 0,
    "plural": 0,
    "hood": 0,
    "mask_img": 0,
    "mask_img_ponytail": 0,
    "colour": 0,
    "colour_options": [],
    "colour_sidebar": 0,
    "colour_combat": 0,
    "type": ["normal", "mask", "dark", "stealthy", "rainproof", "bimbo", "eerie", "shade", "esoteric"],
    "gender": "n",
    "femininity": 0,
    "warmth": 3,
    "cost": 10000,
    "description": "戴上它，那只蝴蝶近在眼前。",
    "shop": ["clothing", "forest"],
    "accessory": 0,
    "accessory_colour": 0,
    "accessory_colour_options": [],
    "accessory_colour_sidebar": 0,
    "back_img": 0,
    "cursed": 0,
    "location": 0,
    "iconFile": "whose_mask.png",
    "accIcon": 0,
    "mainImage": 1
  },
  {
    "index": 11,
    "author": "穆卿",
    "name": "duoluo",
    "name_cap": "Duoluo","cn_name_cap": "堕落医师帽子",
    "variable": "duoluo",
    "integrity": 50,
    "integrity_max": 50,
    "fabric_strength": 20,
    "reveal": 1,
    "word": "a",
    "plural": 0,
    "colour": 0,
    "colour_options": ["primary", "black", "blue", "brown", "green", "pink", "purple", "red", "tangerine", "teal", "white", "yellow", "custom"],
    "colour_sidebar": 1,
    "colour_combat": 0,
    "type": ["costume"],
    "gender": "f",
    "femininity": 100,
    "warmth": 0,
    "cost": 1200,
    "description": "堕落医师戴的帽子。",
    "shop": ["clothing"],
    "accessory": 0,
    "accessory_colour": 0,
    "accessory_colour_options": [],
    "back_img": 0,
    "cursed": 0,
    "location": 0,
    "iconFile": 0,
    "accIcon": 0
  },
  {
    "index": 12,
    "author": "穆卿",
    "name": "fengtang",
    "name_cap": "Fengtang",
    "cn_name_cap": "枫糖星星角",
    "variable": "fengtang",
    "integrity_max": 500,
    "integrity": 500,
    "fabric_strength": 100,
    "reveal": 500,
    "word": "a",
    "one_piece": 0,
    "plural": 0,
    "hood": 0,
    "mask_img": 0,
    "mask_img_ponytail": 0,
    "colour": 0,
    "colour_options": [],
    "colour_sidebar": 0,
    "colour_combat": 0,
    "type": ["normal", "formal", "school", "glasses", "cool", "diving", "dance", "costume", "serving", "fetish", "holy", "dark", "stealthy", "tanLines", "bimbo", "naked"],
    "gender": "f",
    "femininity": 200,
    "warmth": 0,
    "cost": 500,
    "description": "想要成为魔法少女却成了反派女干部",
    "shop": ["clothing", "adult", "forest"],
    "accessory": 0,
    "accessory_colour": 0,
    "accessory_colour_options": [],
    "accessory_colour_sidebar": 0,
    "back_img": 0,
    "cursed": 0,
    "location": 0,
    "iconFile": "fengtang.png",
    "accIcon": 0,
    "mainImage": 1
  },
  {
    "index": 13,
    "author": "稻谷",
    "name": "wangguan",
    "name_cap": "Wangguan",
    "cn_name_cap": "国王王冠",
    "variable": "wangguan",
    "integrity_max": 50,
    "integrity": 50,
    "fabric_strength": 100,
    "reveal": 300,
    "word": "a",
    "one_piece": 0,
    "plural": 0,
    "hood": 0,
    "mask_img": 0,
    "mask_img_ponytail": 0,
    "colour": 0,
    "colour_options": [],
    "colour_sidebar": 0,
    "colour_combat": 0,
    "type": ["formal", "rainproof", "shade"],
    "gender": "n",
    "femininity": 0,
    "warmth": 0,
    "cost": 20000,
    "description": "别低头，皇冠会掉",
    "shop": ["clothing", "forest"],
    "accessory": 0,
    "accessory_colour": 0,
    "accessory_colour_options": [],
    "accessory_colour_sidebar": 0,
    "back_img": 0,
    "cursed": 0,
    "location": 0,
    "iconFile": 0,
    "accIcon": 0,
    "mainImage": 1
  },
  {
    "index": 14,
    "author": "稻谷",
    "name": "boomshakalaka",
    "name_cap": "Boomshakalaka",
    "cn_name_cap": "炸猫的面具",
    "variable": "boomshakalaka",
    "integrity_max": 200,
    "integrity": 200,
    "fabric_strength": 30,
    "reveal": 50,
    "word": "a",
    "one_piece": 0,
    "plural": 0,
    "hood": 0,
    "mask_img": 0,
    "mask_img_ponytail": 0,
    "colour": 0,
    "colour_options": [],
    "colour_sidebar": 0,
    "colour_combat": 0,
    "type": ["holy", "rainproof", "shade", "athletic", "esoteric", "unstealthy"],
    "gender": "n",
    "femininity": 0,
    "warmth": 0,
    "cost": 20000,
    "description": "大仇得报，但业债插翅难逃！",
    "shop": ["clothing", "forest"],
    "accessory": 0,
    "accessory_colour": 0,
    "accessory_colour_options": [],
    "accessory_colour_sidebar": 0,
    "back_img": 0,
    "cursed": 0,
    "location": 0,
    "iconFile": 0,
    "accIcon": 0,
    "mainImage": 1
  },
  {
    "index": 15,
    "author": "稻谷",
    "name": "miao",
    "name_cap": "Miao",
    "cn_name_cap": "苗族银饰",
    "variable": "miao",
    "integrity_max": 200,
    "integrity": 200,
    "fabric_strength": 200,
    "reveal": 300,
    "word": "a",
    "one_piece": 0,
    "plural": 0,
    "hood": 0,
    "mask_img": 0,
    "mask_img_ponytail": 0,
    "colour": 0,
    "colour_options": [],
    "colour_sidebar": 0,
    "colour_combat": 0,
    "type": ["formal", "rainproof", "shade", "athletic", "esoteric", "unstealthy"],
    "gender": "n",
    "femininity": 0,
    "warmth": 0,
    "cost": 20000,
    "description": "叮当作响的银饰",
    "shop": ["clothing", "forest"],
    "accessory": 0,
    "accessory_colour": 0,
    "accessory_colour_options": [],
    "accessory_colour_sidebar": 0,
    "back_img": 0,
    "cursed": 0,
    "location": 0,
    "iconFile": 0,
    "accIcon": 0,
    "mainImage": 1
  },
  {
    "index": 16,
    "name": "kyouko",
    "name_cap": "kyouko",
    "cn_name_cap": "kyouko",
    "variable": "kyouko",
    "integrity_max": 200,
    "integrity": 200,
    "fabric_strength": 200,
    "reveal": 300,
    "word": "a",
    "one_piece": 0,
    "plural": 0,
    "hood": 0,
    "mask_img": 0,
    "mask_img_ponytail": 0,
    "colour": 0,
    "colour_options": [],
    "colour_sidebar": 0,
    "colour_combat": 0,
    "type": ["formal", "rainproof", "shade", "athletic", "esoteric", "unstealthy"],
    "gender": "n",
    "femininity": 0,
    "warmth": 0,
    "cost": 20000,
    "description": "",
    "shop": ["clothing", "forest"],
    "accessory": 0,
    "accessory_colour": 0,
    "accessory_colour_options": [],
    "accessory_colour_sidebar": 0,
    "back_img": 0,
    "cursed": 0,
    "location": 0,
    "iconFile": 0,
    "accIcon": 0,
    "mainImage": 1
  },
  {
    "index": 17,
    "author": "黑玉",
    "name": "little charm",
    "name_cap": "Little charm",
    "cn_name_cap": "小符咒",
    "variable": "littlecharm",
    "integrity_max": 900,
    "integrity": 900,
    "fabric_strength": 200,
    "reveal": 300,
    "word": "a",
    "one_piece": 0,
    "plural": 0,
    "hood": 0,
    "mask_img": 0,
    "mask_img_ponytail": 0,
    "colour": 0,
    "colour_options": [],
    "colour_sidebar": 0,
    "colour_combat": 0,
    "type": ["formal", "cool", "costume", "mask", "dark", "stealthy", "sticky_fingers", "rainproof", "tanLines", "eerie", "hidden"],
    "gender": "n",
    "femininity": 0,
    "warmth": 0,
    "cost": 10000,
    "description": "一张符咒贴在你的脑门",
    "shop": ["clothing", "forest"],
    "accessory": 0,
    "accessory_colour": 0,
    "accessory_colour_options": [],
    "accessory_colour_sidebar": 0,
    "back_img": 0,
    "cursed": 0,
    "location": 0,
    "iconFile": "little_charm.png",
    "accIcon": 0,
    "mainImage": 1
  },
  {
    "index": 17,
    "author": "黑玉",
    "name": "small goat horns",
    "name_cap": "small goat horns",
    "cn_name_cap": "小山羊角",
    "variable": "smallgoathorns",
    "integrity_max": 900,
    "integrity": 900,
    "fabric_strength": 200,
    "reveal": 300,
    "word": "a",
    "one_piece": 0,
    "plural": 0,
    "hood": 0,
    "mask_img": 0,
    "mask_img_ponytail": 0,
    "colour": 0,
    "colour_options": [],
    "colour_sidebar": 0,
    "colour_combat": 0,
    "type": ["cool", "costume", "mask", "dark", "stealthy", "sticky_fingers", "rainproof", "tanLines", "eerie", "covered", "hidden"],
    "gender": "n",
    "femininity": 0,
    "warmth": 0,
    "cost": 5000,
    "description": "一对可以创飞人的小山羊角",
    "shop": ["clothing", "forest"],
    "accessory": 0,
    "accessory_colour": 0,
    "accessory_colour_options": [],
    "accessory_colour_sidebar": 0,
    "back_img": 1,
    "back_img_colour": "primary",
    "cursed": 0,
    "location": 0,
    "iconFile": "small_goat_horns.png",
    "accIcon": 0,
    "mainImage": 1
  },
  {
    "index": 18,
    "author": "稻谷",
    "name": "shendan",
    "name_cap": "Shendan",
    "cn_name_cap": "圣诞头饰",
    "variable": "shendan",
    "integrity_max": 100,
    "integrity": 100,
    "fabric_strength": 100,
    "reveal": 300,
    "word": "a",
    "one_piece": 0,
    "plural": 0,
    "hood": 0,
    "mask_img": 0,
    "mask_img_ponytail": 0,
    "colour": 0,
    "colour_options": [],
    "colour_sidebar": 0,
    "colour_combat": 0,
    "type": ["formal", "cool", "rainproof", "shade", "unstealthy"],
    "gender": "n",
    "femininity": 0,
    "warmth": 6,
    "cost": 20000,
    "description": "圣诞鹿角！",
    "shop": ["clothing", "forest"],
    "accessory": 0,
    "accessory_colour": 0,
    "accessory_colour_options": [],
    "accessory_colour_sidebar": 0,
    "back_img": 0,
    "cursed": 0,
    "location": 0,
    "iconFile": 0,
    "accIcon": 0,
    "mainImage": 1
  },
  {
    "index": 19,
    "author": "黑玉",
    "name": "littlepetRemy",
    "name_cap": "LittlepetRemy",
    "cn_name_cap": "小雷米跟宠",
    "variable": "littlepetRemy",
    "integrity_max": 900,
    "integrity": 900,
    "fabric_strength": 500,
    "reveal": 200,
    "word": "a",
    "one_piece": 0,
    "plural": 1,
    "hood": 0,
    "mask_img": 0,
    "mask_img_ponytail": 0,
    "colour": 0,
    "colour_options": [],
    "colour_sidebar": 0,
    "colour_combat": 0,
    "type": ["formal", "cool", "athletic", "riding"],
    "gender": "m",
    "femininity": -100,
    "warmth": 3,
    "cost": 5000,
    "description": "看到这个会让你想到在农场的当奶牛的生活",
    "shop": ["clothing", "forest"],
    "accessory": 0,
    "accessory_colour": 0,
    "accessory_colour_options": [],
    "accessory_colour_sidebar": 0,
    "back_img": 0,
    "cursed": 0,
    "location": 0,
    "iconFile": "littlepetRemy.png",
    "accIcon": 0,
    "mainImage": 1
  },
  {
    "index": 20,
    "author": "头头",
    "name": "kulouaixin",
    "name_cap": "Kulouaixin",
    "cn_name_cap": "骷髅爱心发夹",
    "variable": "kulouaixin",
    "integrity_max": 100,
    "integrity": 100,
    "fabric_strength": 20,
    "reveal": 100,
    "word": "a",
    "one_piece": 0,
    "plural": 0,
    "hood": 0,
    "mask_img": 0,
    "mask_img_ponytail": 0,
    "colour": 0,
    "colour_options": ["black", "blue", "brown", "green", "pink", "purple", "red", "tangerine", "teal", "white", "yellow", "custom"],
    "colour_sidebar": 1,
    "colour_combat": 0,
    "type": ["normal", "cool"],
    "gender": "n",
    "femininity": 0,
    "warmth": 1,
    "cost": 5000,
    "description": "亚亚的",
    "shop": ["clothing", "school", "adult", "forest"],
    "accessory": 0,
    "accessory_colour": 0,
    "accessory_colour_options": [],
    "accessory_colour_sidebar": 0,
    "back_img": 0,
    "cursed": 0,
    "location": 0,
    "iconFile": "kulouaixin.png",
    "accIcon": 0,
    "mainImage": 1
  },
  {
    "index": 21,
    "author": "小企",
    "name": "dabeileimao",
    "name_cap": "Dabeileimao",
    "cn_name_cap": "大贝雷帽",
    "variable": "dabeileimao",
    "integrity_max": 500,
    "integrity": 500,
    "fabric_strength": 30,
    "reveal": 200,
    "word": "a",
    "one_piece": 0,
    "plural": 0,
    "hood": 0,
    "mask_img": 0,
    "mask_img_ponytail": 0,
    "colour": 0,
    "colour_options": [],
    "colour_sidebar": 0,
    "colour_combat": 0,
    "type": ["normal", "school"],
    "gender": "n",
    "femininity": 0,
    "warmth": 3,
    "cost": 2000,
    "description": "戴在脑后的贝雷帽，很大。",
    "shop": ["clothing"],
    "accessory": 0,
    "accessory_colour": 0,
    "accessory_colour_options": [],
    "accessory_colour_sidebar": 0,
    "back_img": 1,
    "back_img_colour": "primary",
    "cursed": 0,
    "location": 0,
    "iconFile": "dabeileimao.png",
    "accIcon": 0,
    "mainImage": 1
  },
  {
    "index": 22,
    "author": "宵",
    "name": "emu",
    "name_cap": "emu",
    "cn_name_cap": "赛博emu头饰",
    "variable": "emu",
    "integrity": 500,
    "integrity_max": 500,
    "fabric_strength": 20,
    "reveal": 100,
    "word": "a",
    "plural": 0,
    "colour": 0,
    "colour_options": ["primary", "black", "blue", "blue steel", "brown", "green", "pink", "purple", "red", "tangerine", "teal", "white", "yellow", "light blue", "light green", "light pink", "olive", "wine", "custom"],
    "colour_sidebar": 1,
    "type": ["mask"],
    "gender": "n",
    "femininity": 0,
    "warmth": 0,
    "cost": 500,
    "description": "小孩子不懂事画着玩的。",
    "shop": ["clothing"],
    "accessory": 1,
    "accessory_colour": 1,
    "accessory_colour_options": ["primary", "black", "blue", "blue steel", "brown", "green", "pink", "purple", "red", "tangerine", "teal", "white", "yellow", "light blue", "light green", "light pink", "olive", "wine", "custom"],
    "accessory_colour_sidebar": 1,
    "back_img": 0,
    "cursed": 0,
    "location": 0,
    "iconFile": 0,
    "accIcon": 0
  },
  {
    "index": 23,
    "author": "黑玉",
    "name": "Christmas headdress",
    "name_cap": "Christmas headdress",
    "cn_name_cap": "圣诞头饰",
    "variable": "Christmasheaddress",
    "integrity_max": 900,
    "integrity": 900,
    "fabric_strength": 100,
    "reveal": 300,
    "word": "a",
    "one_piece": 0,
    "plural": 1,
    "hood": 0,
    "mask_img": 0,
    "mask_img_ponytail": 0,
    "colour": 0,
    "colour_options": [],
    "colour_sidebar": 0,
    "colour_combat": 0,
    "type": ["formal", "cool", "costume", "holy", "athletic", "riding"],
    "gender": "n",
    "femininity": 0,
    "warmth": 3,
    "cost": 5000,
    "description": "一个上面挂上槲寄生的头饰",
    "shop": ["clothing", "forest"],
    "accessory": 0,
    "accessory_colour": 0,
    "accessory_colour_options": [],
    "accessory_colour_sidebar": 0,
    "back_img": 0,
    "cursed": 0,
    "location": 0,
    "iconFile": "Christmas_headdress.png",
    "accIcon": 0,
    "mainImage": 1
  },
  {
    "index": 24,
    "author": "稻谷",
    "name": "lianlian",
    "name_cap": "Lianlian",
    "cn_name_cap": "恋恋的帽子",
    "variable": "lianlian",
    "integrity_max": 100,
    "integrity": 100,
    "fabric_strength": 100,
    "reveal": 300,
    "word": "a",
    "one_piece": 0,
    "plural": 0,
    "hood": 0,
    "mask_img": 0,
    "mask_img_ponytail": 0,
    "colour": 0,
    "colour_options": [],
    "colour_sidebar": 0,
    "colour_combat": 0,
    "type": ["costume", "rainproof", "shade", "esoteric", "unstealthy"],
    "gender": "n",
    "femininity": 0,
    "warmth": 6,
    "cost": 5000,
    "description": "恋恋的帽子",
    "shop": ["clothing", "forest"],
    "accessory": 0,
    "accessory_colour": 0,
    "accessory_colour_options": [],
    "accessory_colour_sidebar": 0,
    "back_img": 0,
    "cursed": 0,
    "location": 0,
    "iconFile": 0,
    "accIcon": 0,
    "mainImage": 1
  },
  {
    "index": 25,
    "author": "稻谷",
    "name": "bear",
    "name_cap": "Bear",
    "cn_name_cap": "小熊发夹",
    "variable": "bear",
    "integrity_max": 100,
    "integrity": 100,
    "fabric_strength": 20,
    "reveal": 300,
    "word": "a",
    "one_piece": 0,
    "plural": 0,
    "hood": 0,
    "mask_img": 0,
    "mask_img_ponytail": 0,
    "colour": 0,
    "colour_options": [],
    "colour_sidebar": 0,
    "colour_combat": 0,
    "type": ["normal", "sleep", "rainproof", "shade"],
    "gender": "n",
    "femininity": 0,
    "warmth": 6,
    "cost": 5000,
    "description": "毛茸茸的发夹",
    "shop": ["clothing", "forest"],
    "accessory": 0,
    "accessory_colour": 0,
    "accessory_colour_options": [],
    "accessory_colour_sidebar": 0,
    "back_img": 0,
    "cursed": 0,
    "location": 0,
    "iconFile": 0,
    "accIcon": 0,
    "mainImage": 1
  }
]