[
    {
		"index": 1,
		"name": "dan",
		"name_cap": "dan",
		"cn_name_cap": "蛋",
		"variable": "dan",
		"integrity_max": 100,
		"integrity": 100,
		"fabric_strength": 20,
		"reveal": 300,
		"word": "a",
		"one_piece": 0,
		"plural": 0,
		"hood": 0,
		"mask_img": 0,
		"mask_img_ponytail": 0,
		"colour": 0,
		"colour_options": [],
		"colour_sidebar": 0,
		"colour_combat": 0,
		"type": ["normal", "sleep", "rainproof", "shade"],
		"gender": "n",
		"femininity": 0,
		"warmth": 6,
		"cost": 50,
		"description": "",
		"shop": ["clothing", "forest"],
		"accessory": 0,
		"accessory_colour": 0,
		"accessory_colour_options": [],
		"accessory_colour_sidebar": 0,
		"back_img": 0,
		"cursed": 0,
		"location": 0,
		"iconFile": "dan.png",
		"accIcon": 0,
		"mainImage": 1
	},
	{
		"index": 2,
		"name": "taotao",
		"name_cap": "taotao",
		"cn_name_cap": "套套",
		"variable": "taotao",
		"integrity_max": 100,
		"integrity": 100,
		"fabric_strength": 20,
		"reveal": 300,
		"word": "a",
		"one_piece": 0,
		"plural": 0,
		"hood": 0,
		"mask_img": 0,
		"mask_img_ponytail": 0,
		"colour": 0,
		"colour_options": [],
		"colour_sidebar": 0,
		"colour_combat": 0,
		"type": ["normal", "sleep", "rainproof", "shade"],
		"gender": "n",
		"femininity": 0,
		"warmth": 6,
		"cost": 50,
		"description": "",
		"shop": ["clothing", "forest"],
		"accessory": 0,
		"accessory_colour": 0,
		"accessory_colour_options": [],
		"accessory_colour_sidebar": 0,
		"back_img": 0,
		"cursed": 0,
		"location": 0,
		"iconFile": "taotao.png",
		"accIcon": 0,
		"mainImage": 1
	}
]