[
    {
        "index": 1,
        "author": "miyako4828&Fibonacci",
        "name": "hairpinbond_Fibonacci",
        "name_cap": "Hairpinbond Fibonacci",
        "cn_name_cap": "纽带 Fibonacci",
        "variable": "hairpinbond_Fibonacci",
        "integrity_max": 50,
		"integrity": 50,
		"fabric_strength": 1,
		"reveal": 500,
		"word": "a",
		"one_piece": 0,
		"plural": 0,
        "hood": 0,
        "mask_img": 0,
        "mask_img_ponytail": 0,
        "colour": 0,
        "colour_options": [],
        "colour_sidebar": 0,
        "colour_combat": 0,
        "type": ["normal", "school", "cool"],
        "gender": "n",
        "femininity": 0,
        "warmth": 0,
        "cost": 500,
        "description": "抽血用橡胶管，切忌大力拉扯。",
        "shop": ["clothing", "school"],
        "accessory": 0,
        "accessory_colour": 0,
        "accessory_colour_options": [],
        "accessory_colour_sidebar": 0,
        "back_img": 0,
        "cursed": 0,
        "location": 0,
        "iconFile": 0,
        "accIcon": 0,
        "mainImage": 1
    }
]