[
    {
      "index": 1,
      "author": "miyako4828&Fibonacci",
      "name": "hoddensocks_Fibonacci",
      "name_cap": "Hoddensocks Fibonacci",
      "cn_name_cap": "手织绒袜",
      "variable": "hoddensocks_Fibonacci",
      "integrity": 100,
      "integrity_max": 100,
      "fabric_strength": 20,
      "reveal": 1,
      "word": "n",
      "state": "ankles",
      "state_base": "ankles",
      "plural": 1,
      "colour": 1,
      "colour_options": ["primary", "black", "yellow", "brown"],
      "colour_sidebar": 1,
      "colour_combat": 0,
      "type": ["normal", "school"],
      "gender": "n",
      "femininity": 0,
      "warmth": 1,
      "cost": 500,
      "description": "手织而成，温暖熨帖。",
      "shop": ["clothing", "school"],
      "accessory": 0,
      "accessory_colour": 0,
      "accessory_colour_options": [],
      "cursed": 0,
      "location": 0,
      "iconFile": "hoddensocks_Fibonacci_icon.png",
      "accIcon": 0
    }
]