[
  {
    "index": 1,
    "author": "稻谷",
    "name": "mantoka",
    "name_cap": "mantoka",
    "cn_name_cap": "魔法少女袜子",
    "variable": "mantoka",
    "integrity": 100,
    "integrity_max": 100,
    "fabric_strength": 20,
    "reveal": 1,
    "word": "n",
    "state": "thighs",
    "state_base": "thighs",
    "plural": 1,
    "colour": 0,
    "colour_options": [],
    "colour_combat": 0,
    "type": ["school"],
    "gender": "f",
    "femininity": 100,
    "warmth": 1,
    "cost": 500,
    "description": "",
    "shop": ["clothing", "school", "adult"],
    "accessory": 0,
    "accessory_colour": 0,
    "accessory_colour_options": [],
    "cursed": 0,
    "location": 0,
    "iconFile": 0,
    "accIcon": 0
  },
  {
    "index": 2,
    "author": "穆卿",
    "name": "yelaixiang",
    "name_cap": "Yelaixiang",
    "cn_name_cap": "夜来香之吻",
    "variable": "yelaixiang",
    "integrity": 50,
    "integrity_max": 50,
    "fabric_strength": 20,
    "reveal": 200,
    "word": "n",
    "state": "waist",
    "state_base": "waist",
    "plural": 0,
    "colour": 0,
    "colour_options": [],
    "type": ["normal", "dance", "athletic"],
    "gender": "f",
    "femininity": 200,
    "warmth": 2,
    "cost": 1000,
    "description": "夜来香之吻不对称袜子。",
    "shop": ["clothing", "adult"],
    "accessory": 0,
    "accessory_colour": 0,
    "accessory_colour_options": [],
    "cursed": 0,
    "location": 0,
    "iconFile": 0,
    "accIcon": 0
  },
  {
    "index": 3,
    "author": "穆卿",
    "name": "duoluo",
    "name_cap": "Duoluo",
    "cn_name_cap": "堕落医师袜子",
    "variable": "duoluo",
    "integrity": 50,
    "integrity_max": 50,
    "fabric_strength": 20,
    "reveal": 200,
    "word": "n",
    "state": "waist",
    "state_base": "waist",
    "plural": 0,
    "colour": 0,
    "colour_options": ["black", "blue", "brown", "green", "pink", "purple", "red", "tangerine", "teal", "white", "yellow", "custom"],
    "colour_sidebar": 1,
    "type": ["normal", "dance", "athletic"],
    "gender": "f",
    "femininity": 200,
    "warmth": 2,
    "cost": 1000,
    "description": "堕落医师袜子，愿世界不需要代码。",
    "shop": ["clothing", "adult"],
    "accessory": 0,
    "accessory_colour": 0,
    "accessory_colour_options": [],
    "cursed": 0,
    "location": 0,
    "iconFile": 0,
    "accIcon": 0
  },
  {
    "index": 4,
    "author": "稻谷",
    "name": "taowa",
    "name_cap": "Taowa",
    "cn_name_cap": "蓝白套袜",
    "variable": "taowa",
    "integrity": 50,
    "integrity_max": 50,
    "fabric_strength": 20,
    "reveal": 200,
    "word": "n",
    "state": "waist",
    "state_base": "waist",
    "plural": 0,
    "colour": 0,
    "colour_options": [],
    "colour_sidebar": 0,
    "type": ["normal", "dance", "athletic"],
    "gender": "f",
    "femininity": 200,
    "warmth": 2,
    "cost": 1000,
    "description": "你能否听到爱丽丝的舞步。",
    "shop": ["clothing", "adult"],
    "accessory": 0,
    "accessory_colour": 0,
    "accessory_colour_options": [],
    "cursed": 0,
    "location": 0,
    "iconFile": 0,
    "accIcon": 0
  },
  {
    "index": 5,
    "name": "baojian",
    "author": "稻谷",
    "name_cap": "Baojian",
    "cn_name_cap": "宝剑",
    "variable": "bapjian",
    "integrity": 900,
    "integrity_max": 900,
    "fabric_strength": 100,
    "reveal": 300,
    "word": "a",
    "state": "waist",
    "state_base": "waist",
    "plural": 0,
    "colour": 0,
    "colour_options": [],
    "colour_sidebar": 0,
    "type": ["formal", "holy", "bellyHide", "esoteric"],
    "gender": "n",
    "femininity": 0,
    "warmth": 2,
    "cost": 1000,
    "description": "宝剑之下莫非王土？",
    "shop": ["clothing", "adult"],
    "accessory": 0,
    "accessory_colour": 0,
    "accessory_colour_options": [],
    "cursed": 0,
    "location": 0,
    "iconFile": 0,
    "accIcon": 0
  },
  {
    "index": 6,
    "name": "kyouko",
    "name_cap": "kyouko",
    "cn_name_cap": "kyouko",
    "variable": "kyouko",
    "integrity": 900,
    "integrity_max": 900,
    "fabric_strength": 100,
    "reveal": 300,
    "word": "a",
    "state": "waist",
    "state_base": "waist",
    "plural": 0,
    "colour": 0,
    "colour_options": [],
    "colour_sidebar": 0,
    "type": ["formal", "holy", "bellyHide", "esoteric"],
    "gender": "n",
    "femininity": 0,
    "warmth": 2,
    "cost": 1000,
    "description": "",
    "shop": ["clothing", "adult"],
    "accessory": 0,
    "accessory_colour": 0,
    "accessory_colour_options": [],
    "cursed": 0,
    "location": 0,
    "iconFile": 0,
    "accIcon": 0
  },
  {
    "index": 7,
    "author": "头头",
    "name": "hudiedongdongwa",
    "name_cap": "Hudiedongdongwa",
    "cn_name_cap": "蝴蝶洞洞袜",
    "variable": "hudiedongdongwa",
    "integrity_max": 50,
    "integrity": 50,
    "fabric_strength": 20,
    "reveal": 200,
    "word": "a",
    "state_base": "thighs",
    "state": "thighs",
    "plural": 1,
    "colour": 0,
    "colour_options": ["black", "blue", "brown", "green", "pink", "purple", "red", "tangerine", "teal", "white", "yellow", "custom"],
    "colour_sidebar": 1,
    "colour_combat": 0,
    "type": ["cool"],
    "gender": "n",
    "femininity": 100,
    "warmth": 1,
    "cost": 5000,
    "description": "蝴蝶随着走动扑哧。",
    "shop": ["clothing", "school", "adult", "forest"],
    "accessory": 1,
    "accessory_colour": 1,
    "accessory_colour_options": ["black", "blue", "brown", "green", "pink", "purple", "red", "tangerine", "teal", "white", "yellow", "custom"],
    "accessory_colour_sidebar": 1,
    "cursed": 0,
    "location": 0,
    "iconFile": "hudiedongdongwa.png",
    "accIcon": 0,
    "mainImage": 1
  },
  {
    "index": 8,
    "author": "头头",
    "name": "routui",
    "name_cap": "Routui",
    "cn_name_cap": "肉大腿绑带袜",
    "variable": "routui",
    "integrity_max": 50,
    "integrity": 50,
    "fabric_strength": 15,
    "reveal": 500,
    "word": "a",
    "state_base": "ankles",
    "state": "ankles",
    "plural": 1,
    "colour": 0,
    "colour_options": [],
    "colour_sidebar": 0,
    "colour_combat": 0,
    "type": ["normal"],
    "gender": "f",
    "femininity": 100,
    "warmth": 3,
    "cost": 2000,
    "description": "肉肉大腿只适配偏暖的最白肤色，画着玩的可能会穿模。",
    "shop": ["clothing", "school", "adult", "forest"],
    "accessory": 1,
    "accessory_colour": 1,
    "accessory_colour_options": ["black", "blue", "brown", "green", "pink", "purple", "red", "tangerine", "teal", "white", "custom"],
    "accessory_colour_sidebar": 1,
    "cursed": 0,
    "location": 0,
    "iconFile": "routui.png",
    "accIcon": 0,
    "mainImage": 1
  },
  {
    "index": 9,
    "author": "头头",
    "name": "podongwa",
    "name_cap": "Podongwa",
    "cn_name_cap": "破洞袜",
    "variable": "podongwa",
    "integrity_max": 50,
    "integrity": 50,
    "fabric_strength": 20,
    "reveal": 200,
    "word": "a",
    "state_base": "thighs",
    "state": "thighs",
    "plural": 1,
    "colour": 0,
    "colour_options": ["black", "blue", "brown", "green", "pink", "purple", "red", "tangerine", "teal", "white", "yellow", "custom"],
    "colour_sidebar": 1,
    "colour_combat": 0,
    "type": ["cool"],
    "gender": "n",
    "femininity": 100,
    "warmth": 1,
    "cost": 5000,
    "description": "自己剪的",
    "shop": ["clothing", "school", "adult", "forest"],
    "accessory": 0,
    "accessory_colour": 0,
    "accessory_colour_options": [],
    "accessory_colour_sidebar": 0,
    "cursed": 0,
    "location": 0,
    "iconFile": "podongwa.png",
    "accIcon": 0,
    "mainImage": 1
  },
  {
    "index": 10,
    "author": "小企",
    "name": "huabianduanwa",
    "name_cap": "Huabianduanwa",
    "cn_name_cap": "花边短袜",
    "variable": "huabianduanwa",
    "integrity_max": 500,
    "integrity": 500,
    "fabric_strength": 30,
    "reveal": 50,
    "word": "a",
    "state_base": "ankles",
    "state": "ankles",
    "plural": 1,
    "colour": 0,
    "colour_options": ["black", "blue", "brown", "green", "pink", "purple", "red", "tangerine", "teal", "white", "yellow", "custom"],
    "colour_sidebar": 1,
    "colour_combat": 0,
    "type": ["normal"],
    "gender": "f",
    "femininity": 100,
    "warmth": 3,
    "cost": 500,
    "description": "有小花边的普通短袜。",
    "shop": ["clothing"],
    "accessory": 0,
    "accessory_colour": 0,
    "accessory_colour_options": [],
    "accessory_colour_sidebar": 0,
    "cursed": 0,
    "location": 0,
    "iconFile": "huabianduanwa.png",
    "accIcon": 0,
    "mainImage": 1
  },
  {
    "index": 666,
    "author": "陆舟",
    "name": "meimo",
    "name_cap": "Meimo",
    "cn_name_cap": "魅魔",
    "variable": "meimo",
    "integrity_max": 100,
    "integrity": 100,
    "fabric_strength": 30,
    "reveal": 200,
    "word": "a",
    "short": 0,
    "plural": 1,
    "colour": 0,
    "colour_options": [],
    "colour_sidebar": 0,
    "colour_combat": 0,
    "type": ["normal", "mask", "fetish", "dark", "rainproof"],
    "gender": "n",
    "femininity": 0,
    "warmth": 1,
    "cost": 500,
    "description": "在这里，所有人都是欲望的奴隶。",
    "shop": ["clothing", "school", "adult", "forest"],
    "shopGroup": "meimo",
    "accessory": 0,
    "accessory_colour": 0,
    "accessory_colour_options": [],
    "accessory_colour_sidebar": 0,
    "accessory_colour_combat": 0,
    "cursed": 0,
    "location": 0,
    "iconFile": 0,
    "accIcon": 0,
    "mainImage": 1
  },
  {
    "index": 666,
    "author": "陆舟",
    "name": "meimo2",
    "name_cap": "Meimo2",
    "cn_name_cap": "魅魔2",
    "variable": "meimo2",
    "integrity_max": 100,
    "integrity": 100,
    "fabric_strength": 30,
    "reveal": 200,
    "word": "a",
    "short": 0,
    "plural": 1,
    "colour": 0,
    "colour_options": [],
    "colour_sidebar": 0,
    "colour_combat": 0,
    "type": ["normal", "mask", "fetish", "dark", "rainproof"],
    "gender": "n",
    "femininity": 0,
    "warmth": 1,
    "cost": 500,
    "description": "在这里，所有人都是欲望的奴隶。",
    "shop": ["clothing", "school", "adult", "forest"],
    "shopGroup": "meimo",
    "accessory": 0,
    "accessory_colour": 0,
    "accessory_colour_options": [],
    "accessory_colour_sidebar": 0,
    "accessory_colour_combat": 0,
    "cursed": 0,
    "location": 0,
    "iconFile": 0,
    "accIcon": 0,
    "mainImage": 1
  }
]