[
    {
      "index": 1,
      "author": "miyako4828&Fibonacci",
      "name": "percalepants_Fibonacci",
      "name_cap": "Percalepants Fibonacci",
      "cn_name_cap": "棉麻短裤 Fibonacci",
      "variable": "percalepants_Fibonacci",
      "integrity_max": 500,
      "integrity": 500,
      "fabric_strength": 30,
      "reveal": 200,
      "rearresize": 0,
      "word": "a",
      "one_piece": 0,
      "skirt": 1,
      "skirt_down": 1,
      "short": 0,
      "state_base": "knees",
      "state": "knees",
      "plural": 0,
      "colour": 0,
      "colour_options": [],
      "colour_sidebar": 0,
      "colour_combat": 0,
      "exposed_base": 0,
      "exposed": 0,
      "vagina_exposed_base": 0,
      "vagina_exposed": 0,
      "anus_exposed_base": 0,
      "anus_exposed": 0,
      "type": ["formal", "school", "rainproof"],
      "set": "percalepants_Fibonacci",
      "gender": "n",
      "femininity": 0,
      "warmth": 2,
      "cost": 10000,
      "description": "有拘束带，穿上很费劲。",
      "shop": ["clothing", "school", "forest"],
      "accessory": 0,
      "accessory_integrity_img": 0,
      "accessory_colour": 0,
      "accessory_colour_options": [],
      "accessory_colour_sidebar": 0,
      "accessory_colour_combat": 0,
      "back_img": 0,
      "cursed": 0,
      "location": 0,
      "iconFile": "percalepants_Fibonacci_icon.png",
      "accIcon": 0,
      "mainImage": 1
    }
]