[
  {
    "index": 1,
    "author": "稻谷",
    "name": "sailor_skirt",
    "name_cap": "Sailor_skirt",
    "cn_name_cap": "日系水手裙",
    "variable": "sailor_skirt",
    "integrity_max": 100,
    "integrity": 100,
    "fabric_strength": 30,
    "reveal": 300,
    "rearresize": 0,
    "word": "a",
    "one_piece": 0,
    "skirt": 1,
    "skirt_down": 1,
    "short": 0,
    "state_base": "knees",
    "state": "knees",
    "plural": 0,
    "colour": 0,
    "colour_options": ["black", "blue", "brown", "green", "pink", "purple", "red", "tangerine", "teal", "white", "yellow", "custom"],
    "colour_sidebar": 1,
    "colour_combat": 0,
    "exposed_base": 0,
    "exposed": 0,
    "vagina_exposed_base": 0,
    "vagina_exposed": 0,
    "anus_exposed_base": 0,
    "anus_exposed": 0,
    "type": ["normal", "school", "cool", "dance"],
    "set": "sailor_skirt",
    "gender": "f",
    "femininity": 200,
    "warmth": 2,
    "cost": 5000,
    "description": "轻飘飘~裙底下是少女的情思",
    "shop": ["clothing", "school", "forest"],
    "accessory": 0,
    "accessory_integrity_img": 0,
    "accessory_colour": 0,
    "accessory_colour_options": [],
    "accessory_colour_sidebar": 0,
    "accessory_colour_combat": 0,
    "back_img": 0,
    "cursed": 0,
    "location": 0,
    "iconFile": 0,
    "accIcon": 0,
    "mainImage": 1
  },
  {
    "index": 2,
    "author": "穆卿",
    "name": "yelaixiang",
    "name_cap": "Yelaixiang",
    "cn_name_cap": "夜来香之吻裤裤",
    "variable": "yelaixiang",
    "integrity_max": 100,
    "integrity": 100,
    "fabric_strength": 20,
    "reveal": 500,
    "rearresize": 0,
    "word": "a",
    "one_piece": 0,
    "skirt": 0,
    "skirt_down": 0,
    "short": 0,
    "state_base": "ankles",
    "state": "ankles",
    "plural": 0,
    "colour": 0,
    "colour_options": ["black", "blue", "brown", "green", "pink", "purple", "red", "tangerine", "teal", "white", "yellow", "custom"],
    "colour_sidebar": 1,
    "colour_combat": 0,
    "exposed_base": 0,
    "exposed": 0,
    "vagina_exposed_base": 0,
    "vagina_exposed": 0,
    "anus_exposed_base": 0,
    "anus_exposed": 0,
    "type": ["normal", "cool", "fetish", "bellyShow"],
    "set": "lower",
    "gender": "f",
    "femininity": 300,
    "warmth": 3,
    "cost": 500,
    "description": "夜来香之吻裤裤，这绝对绝对不是内衣是裤子！裤子！",
    "shop": ["clothing", "school", "adult", "forest"],
    "accessory": 0,
    "accessory_integrity_img": 0,
    "accessory_colour": 0,
    "accessory_colour_options": [],
    "accessory_colour_sidebar": 0,
    "accessory_colour_combat": 0,
    "back_img": 0,
    "cursed": 0,
    "location": 0,
    "iconFile": 0,
    "accIcon": 0,
    "mainImage": 1
  },
  {
    "index": 3,
    "author": "稻谷",
    "name": "mantoka",
    "name_cap": "Mantoka",
    "cn_name_cap": "魔法少女下裙",
    "variable": "mantoka",
    "integrity_max": 900,
    "integrity": 900,
    "fabric_strength": 100,
    "reveal": 200,
    "rearresize": 0,
    "word": "a",
    "one_piece": 0,
    "skirt": 1,
    "skirt_down": 1,
    "short": 0,
    "state_base": "thighs",
    "state": "thighs",
    "plural": 0,
    "colour": 0,
    "colour_options": [],
    "colour_sidebar": 0,
    "colour_combat": 0,
    "exposed_base": 0,
    "exposed": 0,
    "vagina_exposed_base": 0,
    "vagina_exposed": 0,
    "anus_exposed_base": 0,
    "anus_exposed": 0,
    "type": ["formal", "school", "cool", "holy", "chastity", "esoteric", "unstealthy"],
    "set": "lower",
    "gender": "f",
    "femininity": 200,
    "warmth": 2,
    "cost": 5000,
    "description": "对不起……我真是一个笨蛋",
    "shop": ["clothing", "school", "forest"],
    "accessory": 0,
    "accessory_integrity_img": 0,
    "accessory_colour": 0,
    "accessory_colour_options": [],
    "accessory_colour_sidebar": 0,
    "accessory_colour_combat": 0,
    "back_img": 0,
    "cursed": 0,
    "location": 0,
    "iconFile": 0,
    "accIcon": 0,
    "mainImage": 1
  },
  {
    "index": 4,
    "author": "稻谷",
    "name": "tulvlang",
    "name_cap": "Tulvlang",
    "cn_name_cap": "兔女郎的下装",
    "variable": "tulvlang",
    "integrity_max": 50,
    "integrity": 50,
    "fabric_strength": 15,
    "reveal": 500,
    "rearresize": 0,
    "word": "a",
    "one_piece": 0,
    "skirt": 0,
    "skirt_down": 0,
    "short": 0,
    "state_base": "thighs",
    "state": "thighs",
    "plural": 0,
    "colour": 0,
    "colour_options": [],
    "colour_sidebar": 0,
    "colour_combat": 0,
    "exposed_base": 0,
    "exposed": 0,
    "vagina_exposed_base": 0,
    "vagina_exposed": 0,
    "anus_exposed_base": 0,
    "anus_exposed": 0,
    "type": [
      "serving",
      "fetish"
    ],
    "set": "lower",
    "gender": "f",
    "femininity": 100,
    "warmth": 0,
    "cost": 10000,
    "description": "兔女郎！",
    "shop": [
      "clothing",
      "adult",
      "forest"
    ],
    "accessory": 0,
    "accessory_integrity_img": 0,
    "accessory_colour": 0,
    "accessory_colour_options": [],
    "accessory_colour_sidebar": 0,
    "accessory_colour_combat": 0,
    "back_img": 0,
    "cursed": 0,
    "location": 0,
    "iconFile": 0,
    "accIcon": 0,
    "mainImage": 1
  },
  {
    "index": 5,
    "author": "稻谷",
    "name": "wedding_dress",
    "name_cap": "Wedding_dress",
    "cn_name_cap": "婚纱",
    "variable": "wedding_dress",
    "integrity_max": 900,
    "integrity": 900,
    "fabric_strength": 100,
    "reveal": 200,
    "rearresize": 0,
    "word": "a",
    "one_piece": 0,
    "skirt": 1,
    "skirt_down": 1,
    "short": 0,
    "state_base": "ankles",
    "state": "ankles",
    "plural": 0,
    "colour": 0,
    "colour_options": ["black", "blue", "brown", "green", "pink", "purple", "red", "tangerine", "teal", "white", "yellow", "custom"],
    "colour_sidebar": 1,
    "colour_combat": 0,
    "exposed_base": 0,
    "exposed": 0,
    "vagina_exposed_base": 0,
    "vagina_exposed": 0,
    "anus_exposed_base": 0,
    "anus_exposed": 0,
    "type": ["formal", "school", "cool", "dance", "sleep", "holy", "chastity", "unstealthy"],
    "set": "lower",
    "gender": "f",
    "femininity": 200,
    "warmth": 2,
    "cost": 5000,
    "description": "纯爱的婚纱，即使满身污垢，只要两心相栖，又有何不可？",
    "shop": ["clothing", "school", "forest"],
    "accessory": 0,
    "accessory_integrity_img": 0,
    "accessory_colour": 0,
    "accessory_colour_options": [],
    "accessory_colour_sidebar": 0,
    "accessory_colour_combat": 0,
    "back_img": 0,
    "cursed": 0,
    "location": 0,
    "iconFile": "wedding_dress.png",
    "accIcon": 0,
    "mainImage": 1
  },
  {
    "index": 6,
    "author": "稻谷",
    "name": "white",
    "name_cap": "White",
    "cn_name_cap": "白纱礼服",
    "variable": "white",
    "integrity_max": 50,
    "integrity": 50,
    "fabric_strength": 20,
    "reveal": 500,
    "rearresize": 0,
    "word": "a",
    "one_piece": 0,
    "skirt": 1,
    "skirt_down": 1,
    "short": 0,
    "state_base": "thighs",
    "state": "thighs",
    "plural": 0,
    "colour": 0,
    "colour_options": [],
    "colour_sidebar": 0,
    "colour_combat": 0,
    "exposed_base": 0,
    "exposed": 0,
    "vagina_exposed_base": 0,
    "vagina_exposed": 0,
    "anus_exposed_base": 0,
    "anus_exposed": 0,
    "type": ["formal", "dance"],
    "set": "lower",
    "gender": "f",
    "femininity": 100,
    "warmth": 0,
    "cost": 10000,
    "description": "布灵布灵！超喜欢！",
    "shop": ["clothing", "adult", "forest"],
    "accessory": 0,
    "accessory_integrity_img": 0,
    "accessory_colour": 0,
    "accessory_colour_options": [],
    "accessory_colour_sidebar": 0,
    "accessory_colour_combat": 0,
    "back_img": 0,
    "cursed": 0,
    "location": 0,
    "iconFile": 0,
    "accIcon": 0,
    "mainImage": 1
  },
  {
    "index": 7,
    "author": "稻谷",
    "name": "yaxi",
    "name_cap": "Yaxi",
    "cn_name_cap": "黑粉小裙子",
    "variable": "yaxi",
    "integrity_max": 50,
    "integrity": 50,
    "fabric_strength": 20,
    "reveal": 700,
    "rearresize": 0,
    "word": "a",
    "one_piece": 0,
    "skirt": 1,
    "skirt_down": 1,
    "short": 0,
    "state_base": "thighs",
    "state": "thighs",
    "plural": 0,
    "colour": 0,
    "colour_options": [],
    "colour_sidebar": 0,
    "colour_combat": 0,
    "exposed_base": 0,
    "exposed": 0,
    "vagina_exposed_base": 0,
    "vagina_exposed": 0,
    "anus_exposed_base": 0,
    "anus_exposed": 0,
    "type": ["cool", "dance"],
    "set": "lower",
    "gender": "f",
    "femininity": 300,
    "warmth": 0,
    "cost": 5000,
    "description": "黑色的小裙子！",
    "shop": ["clothing", "adult", "forest"],
    "accessory": 0,
    "accessory_integrity_img": 0,
    "accessory_colour": 0,
    "accessory_colour_options": [],
    "accessory_colour_sidebar": 0,
    "accessory_colour_combat": 0,
    "back_img": 0,
    "cursed": 0,
    "location": 0,
    "iconFile": 0,
    "accIcon": 0,
    "mainImage": 1
  },
  {
    "index": 8,
    "author": "稻谷",
    "name": "so_hot",
    "name_cap": "So_hot",
    "cn_name_cap": "牛仔超短裤",
    "variable": "so_hot",
    "integrity_max": 100,
    "integrity": 100,
    "fabric_strength": 20,
    "reveal": 700,
    "rearresize": 1,
    "word": "a",
    "one_piece": 0,
    "skirt": 0,
    "skirt_down": 0,
    "short": 0,
    "state_base": "thighs",
    "state": "thighs",
    "plural": 0,
    "colour": 0,
    "colour_options": [],
    "colour_sidebar": 0,
    "colour_combat": 0,
    "exposed_base": 0,
    "exposed": 0,
    "vagina_exposed_base": 0,
    "vagina_exposed": 0,
    "anus_exposed_base": 0,
    "anus_exposed": 0,
    "type": ["normal", "cool", "constricting"],
    "set": "so_hot",
    "gender": "f",
    "femininity": 200,
    "warmth": 1,
    "cost": 5000,
    "description": "穿上它！你就是这条街最靓的仔！",
    "shop": ["clothing", "school", "forest"],
    "accessory": 0,
    "accessory_integrity_img": 0,
    "accessory_colour": 0,
    "accessory_colour_options": [],
    "accessory_colour_sidebar": 0,
    "accessory_colour_combat": 0,
    "back_img": 0,
    "cursed": 0,
    "location": 0,
    "iconFile": 0,
    "accIcon": 0,
    "mainImage": 1
  },
  {
    "index": 9,
    "author": "稻谷",
    "name": "egypt",
    "name_cap": "Egypt",
    "cn_name_cap": "埃及艳后下衣",
    "variable": "egypt",
    "integrity_max": 20,
    "integrity": 20,
    "fabric_strength": 100,
    "reveal": 900,
    "rearresize": 0,
    "word": "a",
    "one_piece": 0,
    "skirt": 1,
    "skirt_down": 1,
    "short": 0,
    "state_base": "thighs",
    "state": "thighs",
    "plural": 0,
    "colour": 0,
    "colour_options": [],
    "colour_sidebar": 0,
    "colour_combat": 0,
    "exposed_base": 0,
    "exposed": 0,
    "vagina_exposed_base": 0,
    "vagina_exposed": 0,
    "anus_exposed_base": 0,
    "anus_exposed": 0,
    "type": ["dance", "dark", "heels", "eerie", "esoteric", "unstealthy"],
    "set": "lower",
    "gender": "f",
    "femininity": 300,
    "warmth": 0,
    "cost": 5000,
    "description": "欲戴皇冠必承其重",
    "shop": ["clothing", "adult", "forest"],
    "accessory": 0,
    "accessory_integrity_img": 0,
    "accessory_colour": 0,
    "accessory_colour_options": [],
    "accessory_colour_sidebar": 0,
    "accessory_colour_combat": 0,
    "back_img": 0,
    "cursed": 0,
    "location": 0,
    "iconFile": 0,
    "accIcon": 0,
    "mainImage": 1
  },
  {
    "index": 10,
    "author": "陆舟",
    "name": "fishtail dressa bottom",
    "name_cap": "Fishtail dressa bottom",
    "cn_name_cap": "优雅鱼尾裙（透明纱）",
    "variable": "fishtaildressa",
    "integrity_max": 500,
    "integrity": 500,
    "fabric_strength": 30,
    "reveal": 500,
    "rearresize": 0,
    "word": "a",
    "one_piece": 1,
    "skirt": 1,
    "skirt_down": 1,
    "short": 0,
    "state_base": "ankles",
    "state": "ankles",
    "plural": 0,
    "colour": 0,
    "colour_options": ["primary","black", "blue", "brown", "green", "pink", "purple", "red", "tangerine", "teal", "white", "yellow", "custom"],
    "colour_sidebar": 1,
    "colour_combat": 0,
    "exposed_base": 0,
    "exposed": 0,
    "vagina_exposed_base": 0,
    "vagina_exposed": 0,
    "anus_exposed_base": 0,
    "anus_exposed": 0,
    "type": ["normal", "formal", "dance"],
    "set": "fishtaildressa",
    "gender": "f",
    "femininity": 100,
    "warmth": 2,
    "cost": 20000,
    "description": "到大海去，那里才是真正的自由。",
    "shop": ["clothing", "forest"],
    "accessory": 0,
    "accessory_integrity_img": 0,
    "accessory_colour": 0,
    "accessory_colour_options": [],
    "accessory_colour_sidebar": 0,
    "accessory_colour_combat": 0,
    "back_img": 0,
    "cursed": 0,
    "location": 0,
    "iconFile": 0,
    "accIcon": 0,
    "mainImage": 1,
    "outfitSecondary": ["upper","fishtail dressa"]
  },
  {
    "index": 11,
    "author": "\uFE0Flur",
    "name": "oldway lower",
    "name_cap": "Oldway Lower",
    "cn_name_cap": "莉莉的礼服",
    "variable": "oldway",
    "integrity_max": 100,
    "integrity": 100,
    "fabric_strength": 20,
    "reveal": 200,
    "rearresize": 0,
    "word": "a",
    "one_piece": 1,
    "skirt": 1,
    "skirt_down": 1,
    "short": 0,
    "state_base": "thighs",
    "state": "thighs",
    "plural": 0,
    "colour": 0,
    "colour_options": [],
    "colour_sidebar": 0,
    "colour_combat": 0,
    "exposed_base": 0,
    "exposed": 0,
    "vagina_exposed_base": 0,
    "vagina_exposed": 0,
    "anus_exposed_base": 0,
    "anus_exposed": 0,
    "type": ["cool", "esoteric"],
    "set": "oldway",
    "gender": "f",
    "femininity": 100,
    "warmth": 3,
    "cost": 5000,
    "description": "",
    "shop": ["clothing", "forest"],
    "accessory": 0,
    "accessory_integrity_img": 0,
    "accessory_colour": 0,
    "accessory_colour_options": [],
    "accessory_colour_sidebar": 0,
    "accessory_colour_combat": 0,
    "back_img": 0,
    "cursed": 0,
    "location": 0,
    "iconFile": 0,
    "accIcon": 0,
    "mainImage": 1,
    "outfitSecondary": ["upper", "oldway"]
  },
  {
    "index": 12,
    "author": "稻谷",
    "name": "duoluo lower",
    "name_cap": "Duoluo Lower",
    "cn_name_cap": "堕落医师下裙",
    "variable": "duoluo",
    "integrity_max": 200,
    "integrity": 200,
    "fabric_strength": 20,
    "reveal": 500,
    "rearresize": 0,
    "word": "a",
    "one_piece": 1,
    "skirt": 0,
    "skirt_down": 0,
    "short": 0,
    "state_base": "ankles",
    "state": "ankles",
    "plural": 0,
    "colour": 0,
    "colour_options": ["black", "blue", "brown", "green", "pink", "purple", "red", "tangerine", "teal", "white", "yellow", "custom"],
    "colour_sidebar": 1,
    "colour_combat": 0,
    "exposed_base": 0,
    "exposed": 0,
    "vagina_exposed_base": 0,
    "vagina_exposed": 0,
    "anus_exposed_base": 0,
    "anus_exposed": 0,
    "type": ["normal", "cool", "fetish"],
    "set": "duoluo",
    "gender": "f",
    "femininity": 100,
    "warmth": 3,
    "cost": 500,
    "description": 0,
    "shop": ["clothing", "school", "adult", "forest"],
    "accessory": 0,
    "accessory_integrity_img": 1,
    "accessory_colour": 0,
    "accessory_colour_options": [],
    "accessory_colour_sidebar": 0,
    "accessory_colour_combat": 0,
    "back_img": 0,
    "cursed": 0,
    "location": 0,
    "iconFile": 0,
    "accIcon": 0,
    "mainImage": 1,
    "outfitSecondary": ["upper", "duoluo"]
  },
  {
    "index": 13,
    "author": "穆卿",
    "name": "fengtang lower",
    "name_cap": "Fengtang Lower",
    "cn_name_cap": "枫糖裤裤",
    "variable": "fengtang",
    "integrity_max": 500,
    "integrity": 500,
    "fabric_strength": 30,
    "reveal": 500,
    "rearresize": 0,
    "word": "a",
    "one_piece": 1,
    "skirt": 0,
    "skirt_down": 0,
    "short": 0,
    "state_base": "ankles",
    "state": "ankles",
    "plural": 0,
    "colour": 0,
    "colour_options": [],
    "colour_sidebar": 0,
    "colour_combat": 0,
    "exposed_base": 0,
    "exposed": 0,
    "vagina_exposed_base": 0,
    "vagina_exposed": 0,
    "anus_exposed_base": 0,
    "anus_exposed": 0,
    "type": [
      "normal",
      "formal",
      "costume",
      "fetish",
      "holy",
      "dark",
      "bellyShow",
      "esoteric"
    ],
    "set": "fengtang",
    "gender": "f",
    "femininity": 300,
    "warmth": 3,
    "cost": 500,
    "description": "枫糖的超超超低腰裤",
    "shop": [
      "clothing",
      "school",
      "adult",
      "forest"
    ],
    "accessory": 0,
    "accessory_integrity_img": 0,
    "accessory_colour": 0,
    "accessory_colour_options": [],
    "accessory_colour_sidebar": 0,
    "accessory_colour_combat": 0,
    "back_img": 0,
    "cursed": 0,
    "location": 0,
    "iconFile": "fengtang.png",
    "accIcon": 0,
    "mainImage": 1,
    "outfitSecondary": [
      "upper",
      "fengtang"
    ]
  },
  {
    "index": 14,
    "author": "稻谷",
    "name": "alice bottom",
    "name_cap": "Alice bottom",
    "cn_name_cap": "爱丽丝的小洋裙",
    "variable": "alice bottom",
    "integrity_max": 100,
    "integrity": 100,
    "fabric_strength": 30,
    "reveal": 300,
    "rearresize": 0,
    "word": "a",
    "one_piece": 1,
    "skirt": 1,
    "skirt_down": 1,
    "short": 0,
    "state_base": "thighs",
    "state": "thighs",
    "plural": 0,
    "colour": 0,
    "colour_options": [],
    "colour_sidebar": 0,
    "colour_combat": 0,
    "exposed_base": 0,
    "exposed": 0,
    "vagina_exposed_base": 0,
    "vagina_exposed": 0,
    "anus_exposed_base": 0,
    "anus_exposed": 0,
    "type": ["athletic", "esoteric"],
    "set": "alice",
    "gender": "f",
    "femininity": 100,
    "warmth": 3,
    "cost": 10000,
    "description": "你有看到兔子先生吗？",
    "shop": ["clothing", "forest"],
    "accessory": 0,
    "accessory_integrity_img": 0,
    "accessory_colour": 0,
    "accessory_colour_options": [],
    "accessory_colour_sidebar": 0,
    "accessory_colour_combat": 0,
    "back_img": 0,
    "cursed": 0,
    "location": 0,
    "iconFile": 0,
    "accIcon": 0,
    "mainImage": 1,
    "outfitSecondary": ["upper","alice"]
  },
  {
    "index": 15,
    "author": "稻谷",
    "name": "miao",
    "name_cap": "Miao",
    "cn_name_cap": "苗疆下裙",
    "variable": "miao",
    "integrity_max": 100,
    "integrity": 100,
    "fabric_strength": 20,
    "reveal": 300,
    "rearresize": 0,
    "word": "a",
    "one_piece": 0,
    "skirt": 1,
    "skirt_down": 1,
    "short": 0,
    "state_base": "ankles",
    "state": "ankles",
    "plural": 0,
    "colour": 0,
    "colour_options": [],
    "colour_sidebar": 0,
    "colour_combat": 0,
    "exposed_base": 0,
    "exposed": 0,
    "vagina_exposed_base": 0,
    "vagina_exposed": 0,
    "anus_exposed_base": 0,
    "anus_exposed": 0,
    "type": ["holy", "esoteric"],
    "set": "lower",
    "gender": "f",
    "femininity": 100,
    "warmth": 1,
    "cost": 2000,
    "description": "苗族可不养蛊哦！",
    "shop": ["clothing", "adult", "forest"],
    "accessory": 0,
    "accessory_integrity_img": 0,
    "accessory_colour": 0,
    "accessory_colour_options": [],
    "accessory_colour_sidebar": 0,
    "accessory_colour_combat": 0,
    "back_img": 0,
    "cursed": 0,
    "location": 0,
    "iconFile": 0,
    "accIcon": 0,
    "mainImage": 1
  },
  {
    "index": 16,
    "author": "稻谷",
    "name": "zangpao bottom",
    "name_cap": "Zangpao bottom",
    "cn_name_cap": "藏袍",
    "variable": "zangpao bottom",
    "integrity_max": 100,
    "integrity": 100,
    "fabric_strength": 20,
    "reveal": 200,
    "rearresize": 0,
    "word": "a",
    "one_piece": 1,
    "skirt": 1,
    "skirt_down": 1,
    "short": 0,
    "state_base": "ankles",
    "state": "ankles",
    "plural": 0,
    "colour": 0,
    "colour_options": [],
    "colour_sidebar": 0,
    "colour_combat": 0,
    "exposed_base": 0,
    "exposed": 0,
    "vagina_exposed_base": 0,
    "vagina_exposed": 0,
    "anus_exposed_base": 0,
    "anus_exposed": 0,
    "type": ["formal", "holy", "bellyShow", "esoteric"],
    "set": "zangpao",
    "gender": "n",
    "femininity": 0,
    "warmth": 6,
    "cost": 10000,
    "description": "带走这只格桑花吧",
    "shop": ["clothing", "forest"],
    "accessory": 0,
    "accessory_integrity_img": 0,
    "accessory_colour": 0,
    "accessory_colour_options": [],
    "accessory_colour_sidebar": 0,
    "accessory_colour_combat": 0,
    "back_img": 0,
    "cursed": 0,
    "location": 0,
    "iconFile": 0,
    "accIcon": 0,
    "mainImage": 1,
    "outfitSecondary": ["upper","zangpao"]
  },
  {
    "index": 17,
    "author": "稻谷",
    "name": "kyouko",
    "name_cap": "kyouko",
    "cn_name_cap": "kyouko",
    "variable": "kyouko",
    "integrity_max": 100,
    "integrity": 100,
    "fabric_strength": 20,
    "reveal": 300,
    "rearresize": 0,
    "word": "a",
    "one_piece": 0,
    "skirt": 1,
    "skirt_down": 1,
    "short": 0,
    "state_base": "ankles",
    "state": "ankles",
    "plural": 0,
    "colour": 0,
    "colour_options": [],
    "colour_sidebar": 0,
    "colour_combat": 0,
    "exposed_base": 0,
    "exposed": 0,
    "vagina_exposed_base": 0,
    "vagina_exposed": 0,
    "anus_exposed_base": 0,
    "anus_exposed": 0,
    "type": ["holy", "esoteric"],
    "set": "lower",
    "gender": "f",
    "femininity": 100,
    "warmth": 1,
    "cost": 2000,
    "description": "",
    "shop": ["clothing", "adult", "forest"],
    "accessory": 0,
    "accessory_integrity_img": 0,
    "accessory_colour": 0,
    "accessory_colour_options": [],
    "accessory_colour_sidebar": 0,
    "accessory_colour_combat": 0,
    "back_img": 0,
    "cursed": 0,
    "location": 0,
    "iconFile": 0,
    "accIcon": 0,
    "mainImage": 1
  },
  {
    "index": 18,
    "author": "稻谷",
    "name": "xizhuang",
    "name_cap": "Xizhuang",
    "cn_name_cap": "西装长裤",
    "variable": "xizhuang",
    "integrity_max": 100,
    "integrity": 100,
    "fabric_strength": 20,
    "reveal": 200,
    "rearresize": 0,
    "word": "a",
    "one_piece": 0,
    "skirt": 0,
    "skirt_down": 0,
    "short": 0,
    "state_base": "ankles",
    "state": "ankles",
    "plural": 0,
    "colour": 0,
    "colour_options": [],
    "colour_sidebar": 0,
    "colour_combat": 0,
    "exposed_base": 0,
    "exposed": 0,
    "vagina_exposed_base": 0,
    "vagina_exposed": 0,
    "anus_exposed_base": 0,
    "anus_exposed": 0,
    "type": ["formal"],
    "set": "lower",
    "gender": "m",
    "femininity": -300,
    "warmth": 6,
    "cost": 10000,
    "description": "昂贵的西装裤",
    "shop": ["clothing", "forest"],
    "accessory": 0,
    "accessory_integrity_img": 0,
    "accessory_colour": 0,
    "accessory_colour_options": [],
    "accessory_colour_sidebar": 0,
    "accessory_colour_combat": 0,
    "back_img": 0,
    "cursed": 0,
    "location": 0,
    "iconFile": 0,
    "accIcon": 0,
    "mainImage": 1
  },
  {
    "index": 19,
    "author": "黑玉",
    "name": "Casual trousers",
    "name_cap": "Casual trousers",
    "cn_name_cap": "休闲长裤",
    "variable": "Casualtrousers",
    "integrity_max": 500,
    "integrity": 500,
    "fabric_strength": 500,
    "reveal": 300,
    "rearresize": 0,
    "word": "a",
    "one_piece": 1,
    "skirt": 1,
    "skirt_down": 1,
    "short": 0,
    "state_base": "ankles",
    "state": "ankles",
    "plural": 0,
    "colour": 0,
    "colour_options": [],
    "colour_sidebar": 0,
    "colour_combat": 0,
    "exposed_base": 0,
    "exposed": 0,
    "vagina_exposed_base": 0,
    "vagina_exposed": 0,
    "anus_exposed_base": 0,
    "anus_exposed": 0,
    "type": ["normal", "sleep"],
    "set": "Casualtrousers",
    "gender": "m",
    "femininity": -100,
    "warmth": 3,
    "cost": 5000,
    "description": "一件舒适的长裤",
    "shop": ["clothing", "forest"],
    "accessory": 0,
    "accessory_integrity_img": 0,
    "accessory_colour": 0,
    "accessory_colour_options": [],
    "accessory_colour_sidebar": 0,
    "accessory_colour_combat": 0,
    "back_img": 0,
    "cursed": 0,
    "location": 0,
    "iconFile": "Casual_trousers.png",
    "accIcon": 0,
    "mainImage": 1
  },
  {
    "index": 20,
    "author": "枝垂桜",
    "name": "knd",
    "name_cap": "knd",
    "cn_name_cap": "奏初始队服下",
    "variable": "knd",
    "integrity_max": 900,
    "integrity": 900,
    "fabric_strength": 200,
    "reveal": 100,
    "rearresize": 0,
    "word": "a",
    "one_piece": 1,
    "skirt": 1,
    "skirt_down": 1,
    "short": 0,
    "state_base": "ankles",
    "state": "ankles",
    "plural": 0,
    "colour": 0,
    "colour_options": [],
    "colour_sidebar": 0,
    "colour_combat": 0,
    "exposed_base": 0,
    "exposed": 0,
    "vagina_exposed_base": 0,
    "vagina_exposed": 0,
    "anus_exposed_base": 0,
    "anus_exposed": 0,
    "type": ["normal"],
    "set": "knd",
    "gender": "n",
    "femininity": 0,
    "warmth": 3,
    "cost": 5000,
    "description": "手机里有一款卖oc的游戏",
    "shop": ["clothing", "forest"],
    "accessory": 0,
    "accessory_integrity_img": 0,
    "accessory_colour": 0,
    "accessory_colour_options": [],
    "accessory_colour_sidebar": 0,
    "accessory_colour_combat": 0,
    "back_img": 0,
    "cursed": 0,
    "location": 0,
    "iconFile": 0,
    "accIcon": 0,
    "mainImage": 1,
    "outfitSecondary": ["upper","knd"]
  },
  {
    "index": 21,
    "author": "稻谷",
    "name": "maoyi",
    "name_cap": "Maoyi",
    "cn_name_cap": "圣诞校服小裙子",
    "variable": "maoyi",
    "integrity_max": 100,
    "integrity": 100,
    "fabric_strength": 30,
    "reveal": 300,
    "rearresize": 0,
    "word": "a",
    "one_piece": 0,
    "skirt": 1,
    "skirt_down": 1,
    "short": 0,
    "state_base": "thighs",
    "state": "thighs",
    "plural": 0,
    "colour": 0,
    "colour_options": [],
    "colour_sidebar": 0,
    "colour_combat": 0,
    "exposed_base": 0,
    "exposed": 0,
    "vagina_exposed_base": 0,
    "vagina_exposed": 0,
    "anus_exposed_base": 0,
    "anus_exposed": 0,
    "type": ["school"],
    "set": "lower",
    "gender": "f",
    "femininity": 100,
    "warmth": 6,
    "cost": 5000,
    "description": "圣诞的小裙子",
    "shop": ["clothing", "school", "forest"],
    "accessory": 0,
    "accessory_integrity_img": 0,
    "accessory_colour": 0,
    "accessory_colour_options": [],
    "accessory_colour_sidebar": 0,
    "accessory_colour_combat": 0,
    "back_img": 0,
    "cursed": 0,
    "location": 0,
    "iconFile": 0,
    "accIcon": 0,
    "mainImage": 1
  },
  {
    "index": 22,
    "author": "稻谷",
    "name": "zhanpao",
    "name_cap": "Zhanpao",
    "cn_name_cap": "圣诞南瓜裤",
    "variable": "zhanpao",
    "integrity_max": 100,
    "integrity": 100,
    "fabric_strength": 15,
    "reveal": 900,
    "rearresize": 0,
    "word": "a",
    "one_piece": 0,
    "skirt": 0,
    "skirt_down": 0,
    "short": 0,
    "state_base": "thighs",
    "state": "thighs",
    "plural": 0,
    "colour": 0,
    "colour_options": [],
    "colour_sidebar": 0,
    "colour_combat": 0,
    "exposed_base": 0,
    "exposed": 0,
    "vagina_exposed_base": 0,
    "vagina_exposed": 0,
    "anus_exposed_base": 0,
    "anus_exposed": 0,
    "type": ["cool", "dance", "fetish", "sleep"],
    "set": "lower",
    "gender": "f",
    "femininity": 300,
    "warmth": 6,
    "cost": 5000,
    "description": "非常暖和的裤子！",
    "shop": ["clothing", "adult", "forest"],
    "accessory": 0,
    "accessory_integrity_img": 0,
    "accessory_colour": 0,
    "accessory_colour_options": [],
    "accessory_colour_sidebar": 0,
    "accessory_colour_combat": 0,
    "back_img": 0,
    "cursed": 0,
    "location": 0,
    "iconFile": 0,
    "accIcon": 0,
    "mainImage": 1
  },
  {
    "index": 23,
    "author": "稻谷",
    "name": "piyi bottom",
    "name_cap": "Piyi bottom",
    "cn_name_cap": "恶魔姐妹",
    "variable": "piyi",
    "integrity_max": 100,
    "integrity": 100,
    "fabric_strength": 15,
    "reveal": 900,
    "rearresize": 0,
    "word": "a",
    "one_piece": 1,
    "skirt": 1,
    "skirt_down": 1,
    "short": 0,
    "state_base": "ankles",
    "state": "ankles",
    "plural": 0,
    "colour": 0,
    "colour_options": [],
    "colour_sidebar": 0,
    "colour_combat": 0,
    "exposed_base": 0,
    "exposed": 0,
    "vagina_exposed_base": 0,
    "vagina_exposed": 0,
    "anus_exposed_base": 0,
    "anus_exposed": 0,
    "type": ["cool", "dance"],
    "set": "piyi",
    "gender": "f",
    "femininity": 300,
    "warmth": 0,
    "cost": 5000,
    "description": "吊带袜天使！",
    "shop": ["clothing", "forest"],
    "accessory": 0,
    "accessory_integrity_img": 0,
    "accessory_colour": 0,
    "accessory_colour_options": [],
    "accessory_colour_sidebar": 0,
    "accessory_colour_combat": 0,
    "back_img": 0,
    "cursed": 0,
    "location": 0,
    "iconFile": 0,
    "accIcon": 0,
    "mainImage": 1,
    "outfitSecondary": ["upper","piyi"]
  },
  {
    "index": 24,
    "author": "米雪",
    "name": "cream lower",
    "name_cap": "Cream lower",
    "cn_name_cap": "立领真空内衣",
    "variable": "strawberrycream",
    "integrity": 100,
    "integrity_max": 100,
    "fabric_strength": 15,
    "reveal": 750,
    "rearresize": 0,
    "word": "a",
    "one_piece": 1,
    "skirt": 1,
    "skirt_down": 1,
    "short": 0,
    "state": "waist",
    "state_base": "waist",
    "plural": 1,
    "colour": 0,
    "colour_options": 0,
    "colour_sidebar": 0,
    "exposed": 0,
    "exposed_base": 0,
    "vagina_exposed": 0,
    "vagina_exposed_base": 0,
    "anus_exposed": 0,
    "anus_exposed_base": 0,
    "type": ["serving", "fetish", "dark","bimbo","bellyShow"],
    "set": "strawberrycream",
    "gender": "f",
    "femininity": 300,
    "warmth": 5,
    "cost": 10000,
    "description": "就像草莓奶油一样甜美。",
    "shop": ["adult","clothing"],
    "accessory": 0,
    "accessory_colour": 0,
    "accessory_colour_options": [],
    "cursed": 0,
    "location": 0,
    "iconFile": 0,
    "accIcon": 0,
    "outfitSecondary": ["upper", "strawberry cream upper"]
  },
  {
    "index": 25,
    "author": "黑玉",
    "name": "equestrian clothing bottom",
    "name_cap": "Equestrian clothing bottom",
    "cn_name_cap": "马术裤",
    "variable": "equestrianclothing",
    "integrity_max": 900,
    "integrity": 900,
    "fabric_strength": 500,
    "reveal": 200,
    "rearresize": 0,
    "word": "a",
    "one_piece": 1,
    "skirt": 1,
    "skirt_down": 1,
    "short": 0,
    "state_base": "ankles",
    "state": "ankles",
    "plural": 0,
    "colour": 0,
    "colour_options": [],
    "colour_sidebar": 0,
    "colour_combat": 0,
    "exposed_base": 0,
    "exposed": 0,
    "vagina_exposed_base": 0,
    "vagina_exposed": 0,
    "anus_exposed_base": 0,
    "anus_exposed": 0,
    "type": ["formal", "sleep", "athletic", "riding", "hidden", "bellyHide"],
    "set": "equestrianclothing",
    "gender": "m",
    "femininity": -100,
    "warmth": 3,
    "cost": 5000,
    "description": "一件雷米看了都说赞的衣服",
    "shop": ["clothing", "forest"],
    "accessory": 0,
    "accessory_integrity_img": 0,
    "accessory_colour": 0,
    "accessory_colour_options": [],
    "accessory_colour_sidebar": 0,
    "accessory_colour_combat": 0,
    "back_img": 0,
    "cursed": 0,
    "location": 0,
    "iconFile": "equestrian_clothing_bottom.png",
    "accIcon": 0,
    "mainImage": 1,
    "outfitSecondary": ["upper","equestrian clothing"]
  },
  {
    "index": 27,
    "author": "稻谷",
    "name": "pink bottom",
    "name_cap": "pink bottom",
    "cn_name_cap": "粉色襦裙",
    "variable": "pink",
    "integrity_max": 200,
    "integrity": 200,
    "fabric_strength": 50,
    "reveal": 200,
    "rearresize": 0,
    "word": "a",
    "one_piece": 1,
    "skirt": 1,
    "skirt_down": 1,
    "short": 0,
    "state_base": "waist",
    "state": "waist",
    "plural": 0,
    "colour": 0,
    "colour_options": [],
    "colour_combat": "white",
    "exposed_base": 0,
    "exposed": 0,
    "vagina_exposed_base": 0,
    "vagina_exposed": 0,
    "anus_exposed_base": 0,
    "anus_exposed": 0,
    "type": ["normal","formal","dance"],
    "set": "pink lower",
    "gender": "f",
    "femininity": 200,
    "warmth": 2,
    "cost": 0,
    "description": "桃之夭夭。",
    "shop": ["clothing"],
    "accessory": 0,
    "accessory_colour": 0,
    "accessory_colour_options": [],
    "high_img": 0,
    "back_img": 0,
    "cursed": 0,
    "location": 0,
    "iconFile": 0,
    "accIcon": 0,
    "outfitSecondary": ["upper","pink"]
  },
  {
    "index": 28,
    "author": "头头",
    "name": "kuloupodongku",
    "name_cap": "Kuloupodongku",
    "cn_name_cap": "骷髅破洞高腰裤",
    "variable": "kuloupodongku",
    "integrity_max": 100,
    "integrity": 100,
    "fabric_strength": 20,
    "reveal": 200,
    "rearresize": 0,
    "word": "n",
    "one_piece": 0,
    "skirt": 0,
    "skirt_down": 0,
    "short": 0,
    "state_base": "ankles",
    "state": "ankles",
    "plural": 1,
    "colour": 0,
    "colour_options": [],
    "colour_sidebar": 0,
    "colour_combat": 0,
    "exposed_base": 0,
    "exposed": 0,
    "vagina_exposed_base": 0,
    "vagina_exposed": 0,
    "anus_exposed_base": 0,
    "anus_exposed": 0,
    "type": ["normal", "cool"],
    "set": "lower",
    "gender": "n",
    "femininity": 0,
    "warmth": 3,
    "cost": 20000,
    "description": "亚亚的",
    "shop": ["clothing", "school", "adult", "forest"],
    "accessory": 1,
    "accessory_integrity_img": 1,
    "accessory_colour": 1,
    "accessory_colour_options": ["black", "blue", "brown", "green", "pink", "purple", "red", "tangerine", "teal", "white", "yellow", "custom"],
    "accessory_colour_sidebar": 1,
    "accessory_colour_combat": 0,
    "back_img": 0,
    "cursed": 0,
    "location": 0,
    "iconFile": "kuloupodongku.png",
    "accIcon": 0
  },
  {
    "index": 29,
    "author": "叶斯",
    "name": "ruquny bottom",
    "name_cap": "ruquny bottom",
    "cn_name_cap": "襦裙下摆",
    "variable": "ruquny",
    "integrity_max": 500,
    "integrity": 500,
    "fabric_strength": 50,
    "reveal": 600,
    "rearresize": 0,
    "word": "a",
    "one_piece": 1,
    "skirt": 1,
    "skirt_down": 1,
    "short": 0,
    "state_base": "waist",
    "state": "waist",
    "plural": 0,
    "colour": 0,
    "colour_options": [],
    "colour_combat": "white",
    "exposed_base": 0,
    "exposed": 0,
    "vagina_exposed_base": 0,
    "vagina_exposed": 0,
    "anus_exposed_base": 0,
    "anus_exposed": 0,
    "type": ["school", "rainproof", "shade", "athletic"],
    "set": "ruquny",
    "gender": "f",
    "femininity": 200,
    "warmth": 2,
    "cost": 0,
    "description": "一条襦裙下装（但没有画差分。",
    "shop": ["clothing", "forest"],
    "accessory": 0,
    "accessory_colour": 0,
    "accessory_colour_options": [],
    "high_img": 0,
    "back_img": 0,
    "cursed": 0,
    "location": 0,
    "iconFile": "ruquny.png",
    "accIcon": 0,
    "outfitSecondary": ["upper","ruquny"]
  },
  {
    "index": 30,
    "author": "叶斯",
    "name": "xinnian bottom",
    "name_cap": "Xinnian bottom",
    "cn_name_cap": "新年马面裙",
    "variable": "xinnian",
    "integrity_max": 500,
    "integrity": 500,
    "fabric_strength": 30,
    "reveal": 100,
    "rearresize": 0,
    "word": "a",
    "one_piece": 1,
    "skirt": 1,
    "skirt_down": 1,
    "short": 0,
    "state_base": "ankles",
    "state": "ankles",
    "plural": 0,
    "colour": 0,
    "colour_options": [],
    "colour_sidebar": 0,
    "colour_combat": 0,
    "exposed_base": 0,
    "exposed": 0,
    "vagina_exposed_base": 0,
    "vagina_exposed": 0,
    "anus_exposed_base": 0,
    "anus_exposed": 0,
    "type": ["normal", "formal", "cool", "costume", "serving", "rainproof", "rugged", "bellyHide"],
    "set": "xinnian",
    "gender": "f",
    "femininity": 100,
    "warmth": 2,
    "cost": 5000,
    "description": "新年下装，迎接新年的衣服，新年快乐啊!",
    "shop": ["clothing", "forest"],
    "collared": 0,
    "accessory_colour": 0,
    "accessory_colour_options": [],
    "accessory_colour_sidebar": 0,
    "accessory_colour_combat": 0,
    "sleeve_img": 0,
    "sleeve_acc_img": 0,
    "has_collar": 0,
    "cursed": 0,
    "iconFile": "xinnian.png",
    "mainImage": 1,
    "leftImage": 0,
    "rightImage": 0,
    "outfitSecondary": ["upper","xinnian"]
  },
  {
    "index": 31,
    "author": "叶斯",
    "name": "Traditional maid dress bottom",
    "name_cap": "Traditional maid dress bottom",
    "cn_name_cap": "传统女仆装下装",
    "variable": "Traditionalmaiddress",
    "integrity_max": 500,
    "integrity": 500,
    "fabric_strength": 40,
    "reveal": 50,
    "rearresize": 0,
    "word": "a",
    "one_piece": 1,
    "skirt": 1,
    "skirt_down": 1,
    "short": 0,
    "state_base": "ankles",
    "state": "ankles",
    "plural": 0,
    "colour": 0,
    "colour_options": [],
    "colour_sidebar": 0,
    "colour_combat": 0,
    "exposed_base": 0,
    "exposed": 0,
    "vagina_exposed_base": 0,
    "vagina_exposed": 0,
    "anus_exposed_base": 0,
    "anus_exposed": 0,
    "type": ["normal", "formal", "cool", "costume", "serving", "rainproof", "rugged", "maid", "bellyHide"],
    "set": "Traditionalmaiddress",
    "gender": "f",
    "femininity": 100,
    "warmth": 3,
    "cost": 5000,
    "description": "维多利亚时期女仆装，适合做家务",
    "shop": ["clothing", "forest"],
    "collared": 0,
    "accessory_colour": 0,
    "accessory_colour_options": [],
    "accessory_colour_sidebar": 0,
    "accessory_colour_combat": 0,
    "sleeve_img": 0,
    "sleeve_acc_img": 0,
    "has_collar": 0,
    "cursed": 0,
    "mainImage": 1,
    "leftImage": 0,
    "rightImage": 0,
    "outfitSecondary": ["upper","Traditional maid dress"],
    "iconFile": "Traditional maid dress.png"
  },
  {
    "index": 32,
    "author": "叶斯",
    "name": "lianlian bottom",
    "name_cap": "Lianlian bottom",
    "cn_name_cap": "cos用莲莲下装",
    "variable": "lianlian",
    "integrity_max": 900,
    "integrity": 900,
    "fabric_strength": 100,
    "reveal": 50,
    "rearresize": 0,
    "word": "a",
    "one_piece": 1,
    "skirt": 1,
    "skirt_down": 1,
    "short": 0,
    "state_base": "ankles",
    "state": "ankles",
    "plural": 0,
    "colour": 0,
    "colour_options": [],
    "colour_sidebar": 0,
    "colour_combat": 0,
    "exposed_base": 0,
    "exposed": 0,
    "vagina_exposed_base": 0,
    "vagina_exposed": 0,
    "anus_exposed_base": 0,
    "anus_exposed": 0,
    "type": ["school", "rainproof", "shade", "athletic"],
    "set": "lianlian",
    "gender": "f",
    "femininity": 100,
    "warmth": 2,
    "cost": 5000,
    "description": "来自异世界的服饰，现用于cosplay，穿上之后仿佛浑身充满了帕瓦~",
    "shop": ["clothing"],
    "accessory_colour": 0,
    "accessory_colour_options": [],
    "accessory_colour_sidebar": 0,
    "cursed": 0,
    "iconFile": "lianlian.png",
    "outfitSecondary": ["upper","lianlian"]
  },
  {
    "index": 33,
    "author": "小企",
    "name": "senxigequn",
    "name_cap": "Senxigequn",
    "cn_name_cap": "森系格裙",
    "variable": "senxigequn",
    "integrity_max": 500,
    "integrity": 500,
    "fabric_strength": 30,
    "reveal": 300,
    "rearresize": 0,
    "word": "a",
    "one_piece": 0,
    "skirt": 1,
    "skirt_down": 1,
    "short": 0,
    "state_base": "knees",
    "state": "ankles",
    "plural": 0,
    "colour": 0,
    "colour_options": ["black", "blue", "brown", "green", "pink", "purple", "red", "tangerine", "teal", "white", "yellow", "custom"],
    "colour_sidebar": 1,
    "colour_combat": 0,
    "exposed_base": 0,
    "exposed": 0,
    "vagina_exposed_base": 0,
    "vagina_exposed": 0,
    "anus_exposed_base": 0,
    "anus_exposed": 0,
    "type": ["normal", "bellyHide"],
    "set": "lower",
    "gender": "f",
    "femininity": 100,
    "warmth": 2,
    "cost": 5000,
    "description": "一条低调舒适的格纹长裙。",
    "shop": ["clothing"],
    "accessory": 0,
    "accessory_integrity_img": 0,
    "accessory_colour": 0,
    "accessory_colour_options": [],
    "accessory_colour_sidebar": 0,
    "accessory_colour_combat": 0,
    "back_img": 0,
    "cursed": 0,
    "location": 0,
    "iconFile": "senxigequn.png",
    "accIcon": 0,
    "mainImage": 1
  },
  {
    "index": 666,
    "author": "陆舟",
    "name": "meimo lower",
    "name_cap": "Meimo Lower",
    "cn_name_cap": "魅魔",
    "variable": "meimo",
    "integrity_max": 900,
    "integrity": 900,
    "fabric_strength": 1000,
    "reveal": 900,
    "rearresize": 0,
    "word": "a",
    "one_piece": 1,
    "skirt": 0,
    "skirt_down": 0,
    "short": 0,
    "state_base": "ankles",
    "state": "ankles",
    "plural": 0,
    "colour": 0,
    "colour_options": [],
    "colour_sidebar": 0,
    "colour_combat": 0,
    "exposed_base": 0,
    "exposed": 0,
    "vagina_exposed_base": 0,
    "vagina_exposed": 0,
    "anus_exposed_base": 0,
    "anus_exposed": 0,
    "type": ["normal", "mask", "fetish", "dark", "rainproof"],
    "set": "meimo",
    "gender": "n",
    "femininity": 0,
    "warmth": 1,
    "cost": 5000,
    "description": "客人，欢迎你来到极乐的国度。",
    "shop": ["clothing", "school", "adult", "forest"],
    "shopGroup": "meimo",
    "accessory": 0,
    "accessory_integrity_img": 0,
    "accessory_colour": 0,
    "accessory_colour_options": [],
    "accessory_colour_sidebar": 0,
    "accessory_colour_combat": 0,
    "back_img": 0,
    "cursed": 0,
    "location": 0,
    "iconFile": 0,
    "accIcon": 0,
    "mainImage": 1,
    "outfitSecondary": ["upper", "meimo"]
  },
  {
    "index": 666,
    "author": "陆舟",
    "name": "meimo lowernd",
    "name_cap": "Meimo Lowernd",
    "cn_name_cap": "魅魔(无尾)",
    "variable": "meimo2",
    "integrity_max": 900,
    "integrity": 900,
    "fabric_strength": 1000,
    "reveal": 900,
    "rearresize": 0,
    "word": "a",
    "one_piece": 1,
    "skirt": 0,
    "skirt_down": 0,
    "short": 0,
    "state_base": "ankles",
    "state": "ankles",
    "plural": 0,
    "colour": 0,
    "colour_options": [],
    "colour_sidebar": 0,
    "colour_combat": 0,
    "exposed_base": 0,
    "exposed": 0,
    "vagina_exposed_base": 0,
    "vagina_exposed": 0,
    "anus_exposed_base": 0,
    "anus_exposed": 0,
    "type": ["normal", "mask", "fetish", "dark", "rainproof"],
    "set": "meimo",
    "gender": "n",
    "femininity": 0,
    "warmth": 1,
    "cost": 5000,
    "description": "客人，欢迎你来到极乐的国度。",
    "shop": ["clothing", "school", "adult", "forest"],
    "shopGroup": "meimo",
    "accessory": 0,
    "accessory_integrity_img": 0,
    "accessory_colour": 0,
    "accessory_colour_options": [],
    "accessory_colour_sidebar": 0,
    "accessory_colour_combat": 0,
    "back_img": 0,
    "cursed": 0,
    "location": 0,
    "iconFile": 0,
    "accIcon": 0,
    "mainImage": 1,
    "outfitSecondary": ["upper", "meimo"]
  },
  {
    "index": 34,
    "author": "黑玉",
    "name": "Idia Suitor Suit bottom",
    "name_cap": "Idia Suitor Suit bottom",
    "cn_name_cap": "Idia新郎服下装",
    "variable": "IdiaSuitorSuit",
    "integrity_max": 900,
    "integrity": 900,
    "fabric_strength": 500,
    "reveal": 200,
    "rearresize": 0,
    "word": "a",
    "one_piece": 1,
    "skirt": 1,
    "skirt_down": 1,
    "short": 0,
    "state_base": "ankles",
    "state": "ankles",
    "plural": 0,
    "colour": 0,
    "colour_options": [],
    "colour_sidebar": 0,
    "colour_combat": 0,
    "exposed_base": 0,
    "exposed": 0,
    "vagina_exposed_base": 0,
    "vagina_exposed": 0,
    "anus_exposed_base": 0,
    "anus_exposed": 0,
    "type": ["formal", "cool", "dance", "costume", "hidden", "bellyHide"],
    "set": "IdiaSuitorSuit",
    "gender": "m",
    "femininity": -100,
    "warmth": 3,
    "cost": 5000,
    "description": "为迪扭的Idia的活动服装",
    "shop": ["clothing", "forest"],
    "accessory": 0,
    "accessory_integrity_img": 0,
    "accessory_colour": 0,
    "accessory_colour_options": [],
    "accessory_colour_sidebar": 0,
    "accessory_colour_combat": 0,
    "back_img": 0,
    "cursed": 0,
    "location": 0,
    "iconFile": "Idia_Suitor_Suit_bottom.png",
    "accIcon": 0,
    "mainImage": 1,
    "outfitSecondary": ["upper","Idia Suitor Suit"]
  },
  {
    "index": 35,
    "author": "黑玉",
    "name": "believer clothes bottom",
    "name_cap": "Believer clothes bottom",
    "cn_name_cap": "信徒服下装",
    "variable": "believerclothes",
    "integrity_max": 500,
    "integrity": 500,
    "fabric_strength": 500,
    "reveal": 200,
    "rearresize": 0,
    "word": "a",
    "one_piece": 1,
    "skirt": 1,
    "skirt_down": 1,
    "short": 0,
    "state_base": "ankles",
    "state": "ankles",
    "plural": 0,
    "colour": 0,
    "colour_options": [],
    "colour_sidebar": 0,
    "colour_combat": 0,
    "exposed_base": 0,
    "exposed": 0,
    "vagina_exposed_base": 0,
    "vagina_exposed": 0,
    "anus_exposed_base": 0,
    "anus_exposed": 0,
    "type": ["formal", "holy", "bellyHide"],
    "set": "believerclothes",
    "gender": "m",
    "femininity": -100,
    "warmth": 3,
    "cost": 5000,
    "description": "一件适合参与神殿活动的衣服",
    "shop": ["clothing", "forest"],
    "accessory": 0,
    "accessory_integrity_img": 0,
    "accessory_colour": 0,
    "accessory_colour_options": [],
    "accessory_colour_sidebar": 0,
    "accessory_colour_combat": 0,
    "back_img": 0,
    "cursed": 0,
    "location": 0,
    "iconFile": "believer_clothes_bottom.png",
    "accIcon": 0,
    "mainImage": 1,
    "outfitSecondary": ["upper","believer clothes"]
  },
  {
    "index": 36,
    "author": "黑玉",
    "name": "Christmas dinner clothes bottom",
    "name_cap": "Christmas dinner clothes bottom",
    "cn_name_cap": "圣诞晚宴服下装",
    "variable": "Christmasdinnerclothes",
    "integrity_max": 500,
    "integrity": 500,
    "fabric_strength": 500,
    "reveal": 300,
    "rearresize": 0,
    "word": "a",
    "one_piece": 1,
    "skirt": 1,
    "skirt_down": 1,
    "short": 0,
    "state_base": "ankles",
    "state": "ankles",
    "plural": 0,
    "colour": 0,
    "colour_options": [],
    "colour_sidebar": 0,
    "colour_combat": 0,
    "exposed_base": 0,
    "exposed": 0,
    "vagina_exposed_base": 0,
    "vagina_exposed": 0,
    "anus_exposed_base": 0,
    "anus_exposed": 0,
    "type": ["formal", "costume", "holy", "bellyHide"],
    "set": "Christmasdinnerclothes",
    "gender": "m",
    "femininity": -100,
    "warmth": 3,
    "cost": 5000,
    "description": "一件适合参加圣诞活动的衣服",
    "shop": ["clothing", "forest"],
    "accessory": 0,
    "accessory_integrity_img": 0,
    "accessory_colour": 0,
    "accessory_colour_options": [],
    "accessory_colour_sidebar": 0,
    "accessory_colour_combat": 0,
    "back_img": 0,
    "cursed": 0,
    "location": 0,
    "iconFile": "Christmas_dinner_clothes_bottom.png",
    "accIcon": 0,
    "mainImage": 1,
    "outfitSecondary": ["upper","Christmas dinner clothes"]
  },
  {
    "index": 37,
    "author": "黑玉",
    "name": "Ordinary Christmas suites bottom",
    "name_cap": "Ordinary Christmas suites bottom",
    "cn_name_cap": "普通的圣诞晚宴服下装",
    "variable": "OrdinaryChristmassuites",
    "integrity_max": 500,
    "integrity": 500,
    "fabric_strength": 500,
    "reveal": 300,
    "rearresize": 0,
    "word": "a",
    "one_piece": 1,
    "skirt": 1,
    "skirt_down": 1,
    "short": 0,
    "state_base": "ankles",
    "state": "ankles",
    "plural": 0,
    "colour": 0,
    "colour_options": [],
    "colour_sidebar": 0,
    "colour_combat": 0,
    "exposed_base": 0,
    "exposed": 0,
    "vagina_exposed_base": 0,
    "vagina_exposed": 0,
    "anus_exposed_base": 0,
    "anus_exposed": 0,
    "type": ["formal", "costume", "holy", "bellyHide"],
    "set": "OrdinaryChristmassuites",
    "gender": "m",
    "femininity": -100,
    "warmth": 3,
    "cost": 5000,
    "description": "一件适合参加圣诞活动的衣服",
    "shop": ["clothing", "forest"],
    "accessory": 0,
    "accessory_integrity_img": 0,
    "accessory_colour": 0,
    "accessory_colour_options": [],
    "accessory_colour_sidebar": 0,
    "accessory_colour_combat": 0,
    "back_img": 0,
    "cursed": 0,
    "location": 0,
    "iconFile": "Ordinary_Christmas_suites_bottom.png",
    "accIcon": 0,
    "mainImage": 1,
    "outfitSecondary": ["upper","Ordinary Christmas suites"]
  },
  {
    "index": 38,
    "author": "稻谷",
    "name": "lianlian bottom",
    "name_cap": "Lianlian bottom",
    "cn_name_cap": "恋恋的裙子",
    "variable": "lianlian",
    "integrity_max": 100,
    "integrity": 100,
    "fabric_strength": 30,
    "reveal": 200,
    "rearresize": 0,
    "word": "a",
    "one_piece": 1,
    "skirt": 1,
    "skirt_down": 1,
    "short": 0,
    "state_base": "thighs",
    "state": "thighs",
    "plural": 0,
    "colour": 0,
    "colour_options": [],
    "colour_sidebar": 0,
    "colour_combat": 0,
    "exposed_base": 0,
    "exposed": 0,
    "vagina_exposed_base": 0,
    "vagina_exposed": 0,
    "anus_exposed_base": 0,
    "anus_exposed": 0,
    "type": ["costume", "esoteric"],
    "set": "lianlian",
    "gender": "f",
    "femininity": 100,
    "warmth": 2,
    "cost": 5000,
    "description": "恋恋的裙子",
    "shop": ["clothing", "school", "forest"],
    "accessory": 0,
    "accessory_integrity_img": 0,
    "accessory_colour": 0,
    "accessory_colour_options": [],
    "accessory_colour_sidebar": 0,
    "accessory_colour_combat": 0,
    "back_img": 0,
    "cursed": 0,
    "location": 0,
    "iconFile": 0,
    "accIcon": 0,
    "mainImage": 1,
    "outfitSecondary": ["upper","lianlian"]
  },
  {
    "index": 39,
    "author": "稻谷",
    "name": "evil",
    "name_cap": "Evil",
    "cn_name_cap": "恶魔小翅膀",
    "variable": "evil",
    "integrity_max": 100,
    "integrity": 100,
    "fabric_strength": 30,
    "reveal": 200,
    "rearresize": 0,
    "word": "a",
    "one_piece": 0,
    "skirt": 1,
    "skirt_down": 1,
    "short": 0,
    "state_base": "thighs",
    "state": "thighs",
    "plural": 0,
    "colour": 0,
    "colour_options": [],
    "colour_sidebar": 0,
    "colour_combat": 0,
    "exposed_base": 0,
    "exposed": 0,
    "vagina_exposed_base": 0,
    "vagina_exposed": 0,
    "anus_exposed_base": 0,
    "anus_exposed": 0,
    "type": ["costume", "fetish", "dark", "esoteric"],
    "set": "lower",
    "gender": "f",
    "femininity": 100,
    "warmth": 2,
    "cost": 5000,
    "description": "万圣节装饰，并不可以飞哦",
    "shop": ["clothing", "school", "forest"],
    "accessory": 0,
    "accessory_integrity_img": 0,
    "accessory_colour": 0,
    "accessory_colour_options": [],
    "accessory_colour_sidebar": 0,
    "accessory_colour_combat": 0,
    "back_img": 0,
    "cursed": 0,
    "location": 0,
    "iconFile": 0,
    "accIcon": 0,
    "mainImage": 1
  },
  {
    "index": 40,
    "author": "稻谷",
    "name": "feiya1",
    "name_cap": "feiya1",
    "cn_name_cap": "菲亚的长裙",
    "variable": "feiya1",
    "integrity_max": 100,
    "integrity": 100,
    "fabric_strength": 20,
    "reveal": 200,
    "rearresize": 0,
    "word": "a",
    "one_piece": 1,
    "skirt": 1,
    "skirt_down": 1,
    "short": 0,
    "state_base": "waist",
    "state": "waist",
    "plural": 0,
    "colour": 0,
    "colour_options": [],
    "colour_combat": 0,
    "exposed_base": 0,
    "exposed": 0,
    "vagina_exposed_base": 0,
    "vagina_exposed": 0,
    "anus_exposed_base": 0,
    "anus_exposed": 0,
    "type": ["formal", "dance", "holy"],
    "set": "feiya bottom",
    "gender": "f",
    "femininity": 100,
    "warmth": 2,
    "cost": 5000,
    "description": "菲亚的长裙，穿上之后会吸引到巨龙吗？",
    "shop": ["clothing", "adult", "forest"],
    "accessory": 0,
    "accessory_colour": 0,
    "accessory_colour_options": [],
    "high_img": 0,
    "back_img": 0,
    "cursed": 0,
    "location": 0,
    "iconFile": 0,
    "accIcon": 0,
    "outfitSecondary": ["upper","feiya"]
  }
]