[
  {
    "index": 1,
    "author": "穆卿",
    "name": "yelaixiang",
    "name_cap": "Yelaixiang",
    "cn_name_cap": "夜来香之吻领结",
    "variable": "yelaixiang",
    "integrity_max": 100,
    "integrity": 100,
    "fabric_strength": 100,
    "reveal": 200,
    "word": "a",
    "plural": 0,
    "colour": 0,
    "colour_options": ["black", "blue", "brown", "green", "pink", "purple", "red", "tangerine", "teal", "white", "yellow", "custom"],
    "colour_sidebar": 1,
    "colour_combat": 0,
    "type": ["normal", "formal", "holy", "dark", "esoteric"],
    "gender": "f",
    "femininity": 200,
    "warmth": 3,
    "cost": 500,
    "description": "夜来香之吻项圈散发着花香",
    "shop": ["clothing", "school", "adult", "forest"],
    "accessory": 0,
    "accessory_colour": 0,
    "accessory_colour_options": [],
    "accessory_colour_sidebar": 0,
    "cursed": 0,
    "location": 0,
    "iconFile": "collarfengtang.png",
    "accIcon": 0,
    "mainImage": 1
  },
  {
    "index": 2,
    "author": "稻谷",
    "name": "mantoka",
    "name_cap": "mantoka",
    "cn_name_cap": "魔法少女缎带",
    "variable": "mantoka",
    "integrity_max": 100,
    "integrity": 100,
    "fabric_strength": 100,
    "reveal": 200,
    "word": "a",
    "plural": 0,
    "colour": 0,
    "colour_options": [],
    "colour_sidebar": 0,
    "colour_combat": 0,
    "type": ["normal", "formal", "holy", "dark", "esoteric"],
    "gender": "f",
    "femininity": 200,
    "warmth": 3,
    "cost": 500,
    "description": "",
    "shop": ["clothing", "school", "adult", "forest"],
    "accessory": 0,
    "accessory_colour": 0,
    "accessory_colour_options": [],
    "accessory_colour_sidebar": 0,
    "cursed": 0,
    "location": 0,
    "iconFile": 0,
    "accIcon": 0,
    "mainImage": 1
  },
  {
    "index": 3,
    "author": "穆卿",
    "name": "duoluo",
    "name_cap": "Duoluo",
    "cn_name_cap": "堕落医师的耳钉",
    "variable": "duoluo",
    "integrity": 100,
    "integrity_max": 100,
    "fabric_strength": 20,
    "reveal": 100,
    "word": "a",
    "plural": 0,
    "colour": 0,
    "colour_options": [],
    "colour_combat": "black",
    "type": ["normal"],
    "gender": "f",
    "femininity": 200,
    "warmth": 0,
    "cost": 2100,
    "description": "可爱。",
    "shop": ["clothing", "adult"],
    "collared": 0,
    "accessory": 0,
    "accessory_colour": 0,
    "accessory_colour_options": [],
    "cursed": 0,
    "location": 0,
    "iconFile": 0,
    "accIcon": 0
  },
  {
    "index": 4,
    "author": "稻谷",
    "name": "miao",
    "name_cap": "MIao",
    "cn_name_cap": "银项链",
    "variable": "miao",
    "integrity_max": 900,
    "integrity": 900,
    "fabric_strength": 300,
    "reveal": 200,
    "word": "a",
    "plural": 0,
    "colour": 0,
    "colour_options": [],
    "colour_sidebar": 0,
    "colour_combat": 0,
    "type": ["holy", "esoteric"],
    "gender": "n",
    "femininity": 0,
    "warmth": 0,
    "cost": 2000,
    "description": "叮叮叮~",
    "shop": ["clothing", "forest"],
    "accessory": 0,
    "accessory_colour": 0,
    "accessory_colour_options": [],
    "accessory_colour_sidebar": 0,
    "cursed": 0,
    "location": 0,
    "iconFile": 0,
    "accIcon": 0,
    "mainImage": 1
  },
  {
    "index": 5,
    "author": "稻谷",
    "name": "lianlian",
    "name_cap": "LIanlian",
    "cn_name_cap": "眼珠子",
    "variable": "lianlian",
    "integrity_max": 900,
    "integrity": 900,
    "fabric_strength": 300,
    "reveal": 200,
    "word": "a",
    "plural": 0,
    "colour": 0,
    "colour_options": [],
    "colour_sidebar": 0,
    "colour_combat": 0,
    "type": ["costume", "rainproof", "shade", "esoteric", "unstealthy"],
    "gender": "n",
    "femininity": 0,
    "warmth": 0,
    "cost": 2000,
    "description": "你感觉有什么东西看着你",
    "shop": ["clothing", "forest"],
    "accessory": 0,
    "accessory_colour": 0,
    "accessory_colour_options": [],
    "accessory_colour_sidebar": 0,
    "cursed": 0,
    "location": 0,
    "iconFile": 0,
    "accIcon": 0,
    "mainImage": 1
  }
]