[
    {
        "index": 1,
        "author": "miyako4828&Fibonacci",
        "name": "chaincollar_Fibonacci",
        "name_cap": "Chaincollar Fibonacci",
        "cn_name_cap": "梦中惊悸 Fibonacci",
        "variable": "chaincollar_Fibonacci",
        "integrity_max": 100,
        "integrity": 100,
        "fabric_strength": 200,
        "reveal": 200,
        "word": "a",
        "plural": 0,
        "colour": 0,
        "colour_options": [],
        "colour_sidebar": 0,
        "colour_combat": 0,
        "type": ["school", "fetish", "stealthy"],
        "gender": "n",
        "femininity": 0,
        "warmth": 1,
        "cost": 200,
        "description": "也许梦魇未曾远去。",
        "shop": ["clothing", "school", "adult", "forest"],
        "accessory": 0,
        "accessory_colour": 0,
        "accessory_colour_options": [],
        "accessory_colour_sidebar": 0,
        "cursed": 0,
        "location": 0,
        "iconFile": "chaincollar_Fibonacci_icon.png",
        "accIcon": 0,
        "mainImage": 1
  }
]