 [
    {
        "index": 1,
        "author": "miyako4828&Fibonacci",
        "name": "labcoat_Fibonacci",
        "name_cap": "Labcoat Fibonacci",
        "cn_name_cap": "灼痕白褂 Fibonacci",
        "variable": "labcoat_Fibonacci",
        "integrity_max": 500,
        "integrity": 500,
        "fabric_strength": 50,
        "reveal": 400,
        "bustresize": 0,
        "word": "a",
        "one_piece": 1,
        "strap": 0,
        "open": 0,
        "state_top_base": "chest",
        "state_base": "knee",
        "state_top": "chest",
        "state": "knee",
        "plural": 0,
        "colour": 0,
        "colour_options": [],
        "colour_sidebar": 0,
        "colour_combat": 0,
        "exposed_base": 0,
        "exposed": 0,
        "type": ["normal", "school", "rainproof"],
        "set": "pinkshirt_Fibonacci", 
        "gender": "n",
        "femininity": 0,
        "warmth": 3,
        "cost": 4000,
        "description": "医院药师的穿着，虽然破旧。",
        "shop": ["clothing", "school"],
        "accessory": 0,
        "accessory_colour": 0,
        "accessory_colour_options": [],
        "accessory_colour_sidebar": 0,
        "accessory_colour_combat": 0,
        "sleeve_img": 1,
        "sleeve_acc_img": 0,
        "breast_img": 1,
        "breast_acc_img": 0,
        "cursed": 0,
		"location": 0,
		"iconFile": "labcoat_Fibonacci_icon.png",
		"accIcon": 0,
		"notuck": 0,
		"pregType": 0

    }
]