[
  {
    "index": 1,
    "author": "穆卿",
    "name": "duoluo",
    "name_cap": "duoluo",
    "cn_name_cap": "堕落医师的耳钉",
    "variable": "duoluo",
    "integrity_max": 900,
    "integrity": 900,
    "fabric_strength": 30,
    "reveal": 300,
    "bustresize": 0,
    "word": "a",
    "one_piece":0,
    "strap": 0,
    "open": 0,
    "state_top_base": 0,
    "state_base": 0,
    "state_top": 0,
    "state": 0,
    "plural": 0,
    "colour": 0,
    "colour_options": [],
    "colour_sidebar": 0,
    "colour_combat": 0,
    "exposed_base": 0,
    "exposed": 0,
    "type": ["normal", "school", "cool"],
    "set": 0,
    "gender": "f",
    "femininity": 100,
    "warmth": 3,
    "cost": 500,
    "description": "可爱。",
    "shop": ["clothing", "school", "forest"],
    "accessory": 0,
    "accessory_integrity_img": 0,
    "accessory_colour": 0,
    "accessory_colour_options": [],
    "accessory_colour_sidebar": 0,
    "accessory_colour_combat": 0,
    "backImage": 0,
    "has_collar": 0,
    "cursed": 0,
    "location": 0,
    "iconFile": 0,
    "accIcon": 0,
    "mainImage": 1,
    "outfitPrimary": {},
    "notuck": 1,
    "pregType": 0
  },
  {
    "index": 2,
    "author": "M",
    "name": "lanseyaoji",
    "name_cap": "Lanseyaoji",
    "cn_name_cap": "蓝色妖姬",
    "variable": "lanseyaoji",
    "integrity_max": 100,
    "integrity": 100,
    "fabric_strength": 20,
    "reveal": 300,
    "word": "a",
    "plural": 1,
    "colour": 0,
    "colour_options": [],
    "colour_sidebar": 0,
    "colour_combat": 0,
    "type": ["formal", "cool", "dark"],
    "gender": "n",
    "femininity": 0,
    "warmth": 0,
    "cost": 5000,
    "description": "也不知道搁哪掏来的玫瑰反正插头上了",
    "shop": ["clothing", "forest"],
    "accessory": 0,
    "accessory_colour": 0,
    "accessory_colour_options": [],
    "accessory_colour_sidebar": 0,
    "back_img": 0,
    "cursed": 0,
    "location": 0,
    "iconFile": "lanseyaoji.png",
    "accIcon": "lanseyaoji_acc.png",
    "mainImage": 1
  },
  {
    "index": 3,
    "author": "M",
    "name": "yaoguaiyanqiu",
    "name_cap": "Yaoguaiyanqiu",
    "cn_name_cap": "妖怪眼球",
    "variable": "yaoguaiyanqiu",
    "integrity_max": 100,
    "integrity": 100,
    "fabric_strength": 20,
    "reveal": 300,
    "word": "a",
    "plural": 1,
    "colour": 0,
    "colour_options": [],
    "colour_sidebar": 0,
    "colour_combat": 0,
    "type": ["formal", "cool", "dark"],
    "gender": "n",
    "femininity": 0,
    "warmth": 0,
    "cost": 5000,
    "description": "也不知道搁哪掏来的眼球反正扒头上了",
    "shop": ["clothing", "forest"],
    "accessory": 0,
    "accessory_colour": 0,
    "accessory_colour_options": [],
    "accessory_colour_sidebar": 0,
    "back_img": 0,
    "cursed": 0,
    "location": 0,
    "iconFile": "yaoguaiyanqiu.png",
    "accIcon": "yaoguaiyanqiu_acc.png",
    "mainImage": 1
  },
  {
    "index": 4,
    "author": "M",
    "name": "heitaozhuishi",
    "name_cap": "Heitaozhuishi",
    "cn_name_cap": "黑桃坠饰",
    "variable": "heitaozhuishi",
    "integrity_max": 100,
    "integrity": 100,
    "fabric_strength": 20,
    "reveal": 300,
    "word": "a",
    "one_piece": 0,
    "plural": 1,
    "colour": 0,
    "colour_options": [],
    "colour_sidebar": 0,
    "colour_combat": 0,
    "type": ["formal", "cool", "holy"],
    "gender": "n",
    "femininity": 0,
    "warmth": 0,
    "cost": 5000,
    "description": "也不知道搁哪掏来的蜘蛛反正扒头上了",
    "shop": ["clothing", "forest"],
    "accessory": 0,
    "accessory_colour": 0,
    "accessory_colour_options": [],
    "accessory_colour_sidebar": 0,
    "back_img": 0,
    "cursed": 0,
    "location": 0,
    "iconFile": "heitaozhuishi.png",
    "accIcon": "heitaozhuishi_acc.png",
    "mainImage": 1
  },
  {
    "index": 5,
    "author": "M",
    "name": "huazha",
    "name_cap": "Huazha",
    "cn_name_cap": "花札",
    "variable": "huazha",
    "integrity_max": 100,
    "integrity": 100,
    "fabric_strength": 20,
    "reveal": 300,
    "word": "a",
    "one_piece": 0,
    "plural": 1,
    "colour": 0,
    "colour_options": [],
    "colour_sidebar": 0,
    "colour_combat": 0,
    "type": ["formal", "cool"],
    "gender": "n",
    "femininity": 0,
    "warmth": 0,
    "cost": 5000,
    "description": "也不知道搁哪掏来的花札反正定价很大众",
    "shop": ["clothing", "forest"],
    "accessory": 0,
    "accessory_colour": 0,
    "accessory_colour_options": [],
    "accessory_colour_sidebar": 0,
    "back_img": 0,
    "cursed": 0,
    "location": 0,
    "iconFile": "huazha.png",
    "accIcon": "huazha_acc.png",
    "mainImage": 1
  },
  {
    "index": 6,
    "author": "穆卿",
    "name": "shengdan",
    "name_cap": "shengdan",
    "cn_name_cap": "圣诞耳钉",
    "variable": "shengdan",
    "integrity_max": 100,
    "integrity": 100,
    "fabric_strength": 20,
    "reveal": 300,
    "word": "a",
    "one_piece": 0,
    "plural": 1,
    "colour": 0,
    "colour_options": [],
    "colour_sidebar": 0,
    "colour_combat": 0,
    "type": ["formal"],
    "gender": "n",
    "femininity": 0,
    "warmth": 0,
    "cost": 5000,
    "description": "为什么没有姜饼人？诶呀，因为被吃掉了呀。。",
    "shop": ["clothing", "forest"],
    "accessory": 0,
    "accessory_colour": 0,
    "accessory_colour_options": [],
    "accessory_colour_sidebar": 0,
    "back_img": 0,
    "cursed": 0,
    "location": 0,
    "iconFile": "shengdan.png",
    "mainImage": 1
  },
  {
    "index": 7,
    "author": "黑玉",
    "shopGroup": "Jordan",
    "name": "Little pet Jordan",
    "name_cap": "Little pet Jordan",
    "cn_name_cap": "小跟宠约旦",
    "variable": "LittlepetJordan",
    "integrity_max": 100,
    "integrity": 100,
    "fabric_strength": 20,
    "reveal": 300,
    "word": "a",
    "one_piece": 0,
    "plural": 1,
    "colour": 0,
    "colour_options": [],
    "colour_sidebar": 0,
    "colour_combat": 0,
    "type": ["formal"],
    "gender": "n",
    "femininity": 0,
    "warmth": 0,
    "cost": 5000,
    "description": "一个可爱的小约旦在你身旁",
    "shop": ["clothing", "forest"],
    "accessory": 0,
    "accessory_colour": 0,
    "accessory_colour_options": [],
    "accessory_colour_sidebar": 0,
    "back_img": 0,
    "cursed": 0,
    "location": 0,
    "iconFile": "Little_pet_Jordan.png",
    "mainImage": 1
  },
  {
    "index": 8,
    "author": "黑玉",
    "name": "Bath version of little pet Jordan",
    "name_cap": "Bath version of little pet Jordan",
    "cn_name_cap": "洗澡版小跟宠约旦",
    "variable": "BathversionoflittlepetJordan",
    "integrity_max": 100,
    "integrity": 100,
    "fabric_strength": 20,
    "reveal": 300,
    "word": "a",
    "one_piece": 0,
    "plural": 1,
    "colour": 0,
    "colour_options": [],
    "colour_sidebar": 0,
    "colour_combat": 0,
    "type": ["formal"],
    "gender": "n",
    "femininity": 0,
    "warmth": 0,
    "shopGroup": "Jordan",
    "cost": 5000,
    "description": "一个湿漉漉的小约旦在你身旁",
    "shop": ["clothing", "forest"],
    "accessory": 0,
    "accessory_colour": 0,
    "accessory_colour_options": [],
    "accessory_colour_sidebar": 0,
    "back_img": 0,
    "cursed": 0,
    "location": 0,
    "iconFile": "Bath_version_of_little_pet_Jordan.png",
    "mainImage": 1
  },
  {
    "index": 9,
    "author": "稻谷",
    "name": "shuijing",
    "name_cap": "Shuijing",
    "cn_name_cap": "水晶耳夹",
    "variable": "shuijing",
    "integrity_max": 100,
    "integrity": 100,
    "fabric_strength": 20,
    "reveal": 300,
    "word": "a",
    "one_piece": 0,
    "plural": 0,
    "hood": 0,
    "mask_img": 0,
    "mask_img_ponytail": 0,
    "colour": 0,
    "colour_options": [],
    "colour_sidebar": 0,
    "colour_combat": 0,
    "type": ["normal", "sleep", "rainproof", "shade"],
    "gender": "n",
    "femininity": 0,
    "warmth": 0,
    "cost": 5000,
    "description": "水晶耳夹，布灵布灵的",
    "shop": ["clothing", "forest"],
    "accessory": 0,
    "accessory_colour": 0,
    "accessory_colour_options": [],
    "accessory_colour_sidebar": 0,
    "back_img": 0,
    "cursed": 0,
    "location": 0,
    "iconFile": 0,
    "accIcon": 0,
    "mainImage": 1
  },
  {
    "index": 9,
    "author": "稻谷",
    "name": "shengdan",
    "name_cap": "Shengdan",
    "cn_name_cap": "圣诞耳夹",
    "variable": "shengdan1",
    "integrity_max": 100,
    "integrity": 100,
    "fabric_strength": 20,
    "reveal": 300,
    "word": "a",
    "one_piece": 0,
    "plural": 0,
    "hood": 0,
    "mask_img": 0,
    "mask_img_ponytail": 0,
    "colour": 0,
    "colour_options": [],
    "colour_sidebar": 0,
    "colour_combat": 0,
    "type": ["normal", "sleep", "rainproof", "shade"],
    "gender": "n",
    "femininity": 0,
    "warmth": 0,
    "cost": 5000,
    "description": "圣诞耳夹",
    "shop": ["clothing", "forest"],
    "accessory": 0,
    "accessory_colour": 0,
    "accessory_colour_options": [],
    "accessory_colour_sidebar": 0,
    "back_img": 0,
    "cursed": 0,
    "location": 0,
    "iconFile": 0,
    "accIcon": 0,
    "mainImage": 1
  }
]