[
  {
    "index": 1,
    "author": "米雪",
    "name": "kuromi",
    "name_cap": "kuromi",
    "cn_name_cap": "库洛米贴纸",
    "variable": "kuromi",
    "integrity_max": 900,
    "integrity": 900,
    "fabric_strength": 30,
    "reveal": 300,
    "rearresize": 0,
    "word": "a",
    "one_piece": 0,
    "skirt": 0,
    "skirt_down": 0,
    "short": 0,
    "state_base": 0,
    "state": 0,
    "plural": 0,
    "colour": 0,
    "colour_options": [],
    "colour_sidebar": 0,
    "colour_combat": 0,
    "exposed_base": 0,
    "exposed": 0,
    "vagina_exposed_base": 0,
    "vagina_exposed": 0,
    "anus_exposed_base": 0,
    "anus_exposed": 0,
    "type": [ "cool"],
    "set": 0,
    "gender": "n",
    "femininity": 0,
    "warmth": 3,
    "cost": 5000,
    "description": "",
    "shop": ["clothing"],
    "accessory": 0,
    "accessory_integrity_img": 0,
    "accessory_colour": 0,
    "accessory_colour_options": [],
    "accessory_colour_sidebar": 0,
    "accessory_colour_combat": 0,
    "back_img": 0,
    "cursed": 0,
    "location": 0,
    "iconFile": 0,
    "accIcon": 0,
    "mainImage": 1
  },
  {
    "index": 2,
    "author": "米雪",
    "name": "arona",
    "name_cap": "arona",
    "cn_name_cap": "阿罗娜贴纸",
    "variable": "arona",
    "integrity_max": 900,
    "integrity": 900,
    "fabric_strength": 30,
    "reveal": 300,
    "rearresize": 0,
    "word": "a",
    "one_piece": 0,
    "skirt": 0,
    "skirt_down": 0,
    "short": 0,
    "state_base": 0,
    "state": 0,
    "plural": 0,
    "colour": 0,
    "colour_options": [],
    "colour_sidebar": 0,
    "colour_combat": 0,
    "exposed_base": 0,
    "exposed": 0,
    "vagina_exposed_base": 0,
    "vagina_exposed": 0,
    "anus_exposed_base": 0,
    "anus_exposed": 0,
    "type": ["normal", "school", "cool", "dance"],
    "set": 0,
    "gender": "f",
    "femininity": 200,
    "warmth": 3,
    "cost": 5000,
    "description": "呜喵，草莓牛奶...诶嘿嘿。",
    "shop": ["clothing", "school", "forest"],
    "accessory": 0,
    "accessory_integrity_img": 0,
    "accessory_colour": 0,
    "accessory_colour_options": [],
    "accessory_colour_sidebar": 0,
    "accessory_colour_combat": 0,
    "back_img": 0,
    "cursed": 0,
    "location": 0,
    "iconFile": "arona.png",
    "accIcon": 0,
    "mainImage": 1
  },
  {
    "index": 3,
    "author": "米雪",
    "name": "plana",
    "name_cap": "plana",
    "cn_name_cap": "普拉娜贴纸",
    "variable": "plana",
    "integrity_max": 100,
    "integrity": 100,
    "fabric_strength": 30,
    "reveal": 300,
    "rearresize": 0,
    "word": "a",
    "one_piece": 0,
    "skirt": 0,
    "skirt_down": 0,
    "short": 0,
    "state_base": 0,
    "state": 0,
    "plural": 0,
    "colour": 0,
    "colour_options": [],
    "colour_sidebar": 0,
    "colour_combat": 0,
    "exposed_base": 0,
    "exposed": 0,
    "vagina_exposed_base": 0,
    "vagina_exposed": 0,
    "anus_exposed_base": 0,
    "anus_exposed": 0,
    "type": ["normal", "school", "cool", "dance"],
    "set": 0,
    "gender": "f",
    "femininity": 200,
    "warmth": 3,
    "cost": 5000,
    "description": "草莓牛奶？",
    "shop": ["clothing", "school", "forest"],
    "accessory": 0,
    "accessory_integrity_img": 0,
    "accessory_colour": 0,
    "accessory_colour_options": [],
    "accessory_colour_sidebar": 0,
    "accessory_colour_combat": 0,
    "back_img": 0,
    "cursed": 0,
    "location": 0,
    "iconFile": "plana.png",
    "accIcon": 0,
    "mainImage": 1
  },
  {
    "index": 4,
    "author": "稻谷",
    "name": "hudie",
    "name_cap": "hudie",
    "cn_name_cap": "蝴蝶丝带",
    "variable": "hudie",
    "integrity_max": 100,
    "integrity": 100,
    "fabric_strength": 30,
    "reveal": 300,
    "rearresize": 0,
    "word": "a",
    "one_piece": 0,
    "skirt": 0,
    "skirt_down": 0,
    "short": 0,
    "state_base": 0,
    "state": 0,
    "plural": 0,
    "colour": 0,
    "colour_options": [],
    "colour_sidebar": 0,
    "colour_combat": 0,
    "exposed_base": 0,
    "exposed": 0,
    "vagina_exposed_base": 0,
    "vagina_exposed": 0,
    "anus_exposed_base": 0,
    "anus_exposed": 0,
    "type": ["normal", "school", "cool", "dance"],
    "set": 0,
    "gender": "f",
    "femininity": 200,
    "warmth": 3,
    "cost": 5000,
    "description": "像蝴蝶一样翩翩起舞吧。",
    "shop": ["clothing", "school", "forest"],
    "accessory": 0,
    "accessory_integrity_img": 0,
    "accessory_colour": 0,
    "accessory_colour_options": [],
    "accessory_colour_sidebar": 0,
    "accessory_colour_combat": 0,
    "back_img": 0,
    "cursed": 0,
    "location": 0,
    "iconFile": 0,
    "accIcon": 0,
    "mainImage": 1
  },
  {
    "index": 4,
    "author": "穆卿",
    "name": "guleshou",
    "name_cap": "guleshou",
    "cn_name_cap": "古乐兽跟宠",
    "variable": "guleshou",
    "integrity_max": 100,
    "integrity": 100,
    "fabric_strength": 30,
    "reveal": 300,
    "rearresize": 0,
    "word": "a",
    "one_piece": 0,
    "skirt": 0,
    "skirt_down": 0,
    "short": 0,
    "state_base": 0,
    "state": 0,
    "plural": 0,
    "colour": 0,
    "colour_options": [],
    "colour_sidebar": 0,
    "colour_combat": 0,
    "exposed_base": 0,
    "exposed": 0,
    "vagina_exposed_base": 0,
    "vagina_exposed": 0,
    "anus_exposed_base": 0,
    "anus_exposed": 0,
    "type": ["normal", "formal", "rainproof", "shade", "esoteric"],
    "set": 0,
    "gender": "f",
    "femininity": 200,
    "warmth": 3,
    "cost": 5000,
    "description": "这里好像很好玩呀咕噜~",
    "shop": ["clothing", "school", "forest"],
    "accessory": 0,
    "accessory_integrity_img": 0,
    "accessory_colour": 0,
    "accessory_colour_options": [],
    "accessory_colour_sidebar": 0,
    "accessory_colour_combat": 0,
    "back_img": 0,
    "cursed": 0,
    "location": 0,
    "iconFile": "guleshou.png",
    "accIcon": 0,
    "mainImage": 1
  },
  {
    "index": 5,
    "author": "稻谷",
    "name": "theking",
    "name_cap": "Theking",
    "cn_name_cap": "国王斗篷",
    "variable": "theking",
    "integrity_max": 100,
    "integrity": 100,
    "fabric_strength": 30,
    "reveal": 300,
    "rearresize": 0,
    "word": "a",
    "one_piece": 0,
    "skirt": 0,
    "skirt_down": 0,
    "short": 0,
    "state_top_base": "neck",
    "state_base": "ankles",
    "state_top": "neck",
    "state": "ankles",
    "plural": 0,
    "colour": 0,
    "colour_options": [],
    "colour_sidebar": 0,
    "colour_combat": 0,
    "exposed_base": 0,
    "exposed": 0,
    "vagina_exposed_base": 0,
    "vagina_exposed": 0,
    "anus_exposed_base": 0,
    "anus_exposed": 0,
    "type": ["formal", "costume"],
    "set": 0,
    "gender": "n",
    "femininity": 0,
    "warmth": 3,
    "cost": 5000,
    "description": "参见国王陛下！",
    "shop": ["clothing", "school", "forest"],
    "accessory": 0,
    "accessory_integrity_img": 0,
    "accessory_colour": 0,
    "accessory_colour_options": [],
    "accessory_colour_sidebar": 0,
    "accessory_colour_combat": 0,
    "back_img": 0,
    "cursed": 0,
    "location": 0,
    "iconFile": 0,
    "accIcon": 0,
    "mainImage": 1
  },
  {
    "index": 6,
    "author": "稻谷",
    "name": "rainworld",
    "name_cap": "Rainworld",
    "cn_name_cap": "雨世界猫猫",
    "variable": "rainworld",
    "integrity_max": 100,
    "integrity": 100,
    "fabric_strength": 200,
    "reveal": 300,
    "rearresize": 0,
    "word": "a",
    "one_piece": 0,
    "skirt": 0,
    "skirt_down": 0,
    "short": 0,
    "state_base": 0,
    "state": 0,
    "plural": 0,
    "colour": 0,
    "colour_options": [],
    "colour_sidebar": 0,
    "colour_combat": 0,
    "exposed_base": 0,
    "exposed": 0,
    "vagina_exposed_base": 0,
    "vagina_exposed": 0,
    "anus_exposed_base": 0,
    "anus_exposed": 0,
    "type": ["formal", "costume"],
    "set": 0,
    "gender": "n",
    "femininity": 0,
    "warmth": 1,
    "cost": 5000,
    "description": "请……超度我",
    "shop": ["clothing"],
    "accessory": 0,
    "accessory_integrity_img": 0,
    "accessory_colour": 0,
    "accessory_colour_options": [],
    "accessory_colour_sidebar": 0,
    "accessory_colour_combat": 0,
    "back_img": 0,
    "cursed": 0,
    "location": 0,
    "iconFile": 0,
    "accIcon": 0,
    "mainImage": 1
  },
  {
    "index": 7,
    "author": "陆舟",
    "name": "piyi",
    "name_cap": "piyi",
    "cn_name_cap": "皮衣",
    "variable": "piyi",
    "integrity_max": 100,
    "integrity": 100,
    "fabric_strength": 200,
    "reveal": 300,
    "rearresize": 0,
    "word": "a",
    "one_piece": 0,
    "skirt": 0,
    "skirt_down": 0,
    "short": 0,
    "state_base": 0,
    "state": 0,
    "plural": 0,
    "colour": 0,
    "colour_options": [],
    "colour_sidebar": 0,
    "colour_combat": 0,
    "exposed_base": 0,
    "exposed": 0,
    "vagina_exposed_base": 0,
    "vagina_exposed": 0,
    "anus_exposed_base": 0,
    "anus_exposed": 0,
    "type": ["normal", "cool", "rainproof"],
    "set": 0,
    "gender": "n",
    "femininity": 0,
    "warmth": 1,
    "cost": 5000,
    "description": "一件有点酷的皮衣，总之是作者xp产物。",
    "shop": ["clothing"],
    "accessory": 0,
    "accessory_integrity_img": 0,
    "accessory_colour": 0,
    "accessory_colour_options": [],
    "accessory_colour_sidebar": 0,
    "accessory_colour_combat": 0,
    "back_img": 0,
    "cursed": 0,
    "location": 0,
    "iconFile": 0,
    "accIcon": 0,
    "mainImage": 1
  },
  {
    "index": 9,
    "author": "稻谷",
    "name": "leisi",
    "name_cap": "Leisi",
    "cn_name_cap": "蕾丝外套",
    "variable": "leisi",
    "integrity_max": 100,
    "integrity": 100,
    "fabric_strength": 20,
    "reveal": 200,
    "bustresize": 0,
    "word": "a",
    "one_piece": 0,
    "strap": 0,
    "open": 1,
    "zip": 0,
    "state_top_base": "neck",
    "state_base": "midriff",
    "state_top": "neck",
    "state": "midriff",
    "plural": 0,
    "colour": 0,
    "colour_options": ["black", "blue", "brown", "green", "pink", "purple", "red", "tangerine", "teal", "white", "yellow", "custom"],
    "colour_sidebar": 1,
    "colour_combat": 0,
    "exposed_base": 0,
    "exposed": 0,
    "type": ["formal", "costume"],
    "set": "over_upper",
    "gender": "n",
    "femininity": 0,
    "warmth": 0,
    "cost": 50000,
    "description": "蕾丝层层叠叠",
    "shop": ["clothing", "forest"],
    "accessory": 1,
    "accessory_colour": 1,
    "accessory_colour_options": ["black", "blue", "brown", "green", "pink", "purple", "red", "tangerine", "teal", "white", "yellow", "custom"],
    "accessory_colour_sidebar": 1,
    "sleeve_img": 1,
    "sleeve_acc_img": 1,
    "breast_img": 0,
    "breast_acc_img": 0,
    "cursed": 0,
    "location": 0,
    "iconFile": 0,
    "accIcon": 0,
    "mainImage": 1
  }

]