[
  {
    "index": 1,
    "author": "圈圈",
    "name": "sakura1",
    "name_cap": "sakura1",
    "cn_name_cap": "落樱",
    "variable": "sakura1",
    "integrity_max": 900,
    "integrity": 900,
    "fabric_strength": 1000,
    "reveal": 50,
    "word": "a",
    "one_piece": 0,
    "plural": 0,
    "hood": 0,
    "colour": 0,
    "colour_options": [],
    "colour_sidebar": 0,
    "colour_combat": 0,
    "type": [],
    "set": "zhu",
    "gender": "n",
    "femininity": 0,
    "warmth": 0,
    "cost": 500,
    "description": "樱花飘散,朝开夕凋。",
    "shop": ["clothing", "forest"],
    "accessory": 0,
    "accessory_colour": 0,
    "accessory_colour_options": [],
    "accessory_colour_sidebar": 0,
    "back_img": 1,
    "back_img_colour": "primary",
    "cursed": 0,
    "location": 0,
    "iconFile": 0,
    "accIcon": 0,
    "mainImage": 1
  },
  {
    "index": 2,
    "author": "圈圈",
    "name": "youlan",
    "name_cap": "youlan",
    "cn_name_cap": "幽兰",
    "variable": "youlan",
    "integrity_max": 900,
    "integrity": 900,
    "fabric_strength": 1000,
    "reveal": 50,
    "word": "a",
    "one_piece": 0,
    "plural": 0,
    "hood": 0,
    "colour": 0,
    "colour_options": [],
    "colour_sidebar": 0,
    "colour_combat": 0,
    "type": [],
    "set": "youlan",
    "gender": "n",
    "femininity": 0,
    "warmth": 0,
    "cost": 500,
    "description": "千古幽贞是此花，不求闻达只烟霞。采樵或恐通来路，更取高山一片遮。",
    "shop": ["clothing", "forest"],
    "accessory": 0,
    "accessory_colour": 0,
    "accessory_colour_options": [],
    "accessory_colour_sidebar": 0,
    "back_img": 1,
    "back_img_colour": "primary",
    "cursed": 0,
    "location": 0,
    "iconFile": 0,
    "accIcon": 0,
    "mainImage": 1
  },
  {
    "index": 3,
    "author": "圈圈",
    "name": "zhu",
    "name_cap": "Zhu",
    "cn_name_cap": "竹影",
    "variable": "zhu",
    "integrity_max": 900,
    "integrity": 900,
    "fabric_strength": 1000,
    "reveal": 50,
    "word": "a",
    "one_piece": 0,
    "plural": 0,
    "hood": 0,
    "colour": 0,
    "colour_options": [],
    "colour_sidebar": 0,
    "colour_combat": 0,
    "type": [],
    "set": "zhu",
    "gender": "n",
    "femininity": 0,
    "warmth": 0,
    "cost": 500,
    "description": "一林寒竹护山家，秋夜来听雨似麻。",
    "shop": ["clothing", "forest"],
    "accessory": 0,
    "accessory_colour": 0,
    "accessory_colour_options": [],
    "accessory_colour_sidebar": 0,
    "back_img": 1,
    "back_img_colour": "primary",
    "cursed": 0,
    "location": 0,
    "iconFile": 0,
    "accIcon": 0,
    "mainImage": 1
  },
  {
    "index": 4,
    "author": "圈圈",
    "name": "ziteng",
    "name_cap": "youlan",
    "cn_name_cap": "紫藤",
    "variable": "ziteng",
    "integrity_max": 900,
    "integrity": 900,
    "fabric_strength": 1000,
    "reveal": 50,
    "word": "a",
    "one_piece": 0,
    "plural": 0,
    "hood": 0,
    "colour": 0,
    "colour_options": [],
    "colour_sidebar": 0,
    "colour_combat": 0,
    "type": [],
    "set": "ziteng",
    "gender": "n",
    "femininity": 0,
    "warmth": 0,
    "cost": 500,
    "description": "紫藤挂云木，花蔓宜阳春。",
    "shop": ["clothing", "forest"],
    "accessory": 0,
    "accessory_colour": 0,
    "accessory_colour_options": [],
    "accessory_colour_sidebar": 0,
    "back_img": 1,
    "back_img_colour": "primary",
    "cursed": 0,
    "location": 0,
    "iconFile": 0,
    "accIcon": 0,
    "mainImage": 1
  },
  {
    "index": 5,
    "author": "圈圈",
    "name": "ziyanghua",
    "name_cap": "Ziyanghua",
    "cn_name_cap": "紫阳花",
    "variable": "ziyanghua",
    "integrity_max": 900,
    "integrity": 900,
    "fabric_strength": 1000,
    "reveal": 50,
    "word": "a",
    "one_piece": 0,
    "plural": 0,
    "hood": 0,
    "colour": 0,
    "colour_options": [],
    "colour_sidebar": 0,
    "colour_combat": 0,
    "type": [],
    "set": "zhu",
    "gender": "n",
    "femininity": 0,
    "warmth": 0,
    "cost": 500,
    "description": "何年植向仙坛上，早晚移栽到梵家。虽在人间人不识，与君名作紫阳花。",
    "shop": ["clothing", "forest"],
    "accessory": 0,
    "accessory_colour": 0,
    "accessory_colour_options": [],
    "accessory_colour_sidebar": 0,
    "back_img": 1,
    "back_img_colour": "primary",
    "cursed": 0,
    "location": 0,
    "iconFile": 0,
    "accIcon": 0,
    "mainImage": 1
  },
  {
    "index": 6,
    "author": "圈圈",
    "name": "meiyutingyuan",
    "name_cap": "meiyutingyuan",
    "cn_name_cap": "梅雨景趣",
    "variable": "meiyutingyuan",
    "integrity_max": 900,
    "integrity": 900,
    "fabric_strength": 1000,
    "reveal": 50,
    "word": "a",
    "one_piece": 0,
    "plural": 0,
    "hood": 0,
    "colour": 0,
    "colour_options": [],
    "colour_sidebar": 0,
    "colour_combat": 0,
    "type": ["diving", "sleep", "stealthy", "rainproof", "shade"],
    "set": "zhu",
    "gender": "n",
    "femininity": 0,
    "warmth": 0,
    "cost": 500,
    "description": "某个本丸的庭院，梅雨时期，紫阳花开得正好。",
    "shop": ["clothing", "forest"],
    "shopGroup": "benwanjingqu",
    "accessory": 0,
    "accessory_colour": 0,
    "accessory_colour_options": [],
    "accessory_colour_sidebar": 0,
    "back_img": 1,
    "back_img_colour": "primary",
    "cursed": 0,
    "location": 0,
    "iconFile": 0,
    "accIcon": 0,
    "mainImage": 1
  },
  {
    "index": 7,
    "author": "圈圈",
    "name": "benwanjingqu",
    "name_cap": "benwanjingqu",
    "cn_name_cap": "樱",
    "variable": "benwanjingqu",
    "integrity_max": 900,
    "integrity": 900,
    "fabric_strength": 1000,
    "reveal": 50,
    "word": "a",
    "one_piece": 0,
    "plural": 0,
    "hood": 0,
    "colour": 0,
    "colour_options": [],
    "colour_sidebar": 0,
    "colour_combat": 0,
    "type": ["diving", "sleep", "stealthy", "rainproof", "shade"],
    "set": "benwanjingqu",
    "gender": "n",
    "femininity": 0,
    "warmth": 0,
    "cost": 500,
    "description": "某个本丸里的风景。今晚夜色正美，和刀剑男士们一起去赏夜樱吧，啊————好像有些刃喝醉了呢。",
    "shop": ["clothing", "forest"],
    "shopGroup": "benwanjingqu",
    "accessory": 0,
    "accessory_colour": 0,
    "accessory_colour_options": [],
    "accessory_colour_sidebar": 0,
    "back_img": 1,
    "back_img_colour": "primary",
    "cursed": 0,
    "location": 0,
    "iconFile": 0,
    "accIcon": 0,
    "mainImage": 1
  },
  {
    "index": 8,
    "author": "圈圈",
    "name": "fuqujingqu",
    "name_cap": "fuqujingqu",
    "cn_name_cap": "芙",
    "variable": "fuqujingqu",
    "integrity_max": 900,
    "integrity": 900,
    "fabric_strength": 1000,
    "reveal": 50,
    "word": "a",
    "one_piece": 0,
    "plural": 0,
    "hood": 0,
    "colour": 0,
    "colour_options": [],
    "colour_sidebar": 0,
    "colour_combat": 0,
    "type": ["diving", "sleep", "stealthy", "rainproof", "shade"],
    "set": "benwanjingqu",
    "gender": "n",
    "femininity": 0,
    "warmth": 0,
    "cost": 500,
    "description": "某个本丸里的风景。荷花和雨后的芭蕉，加上微凉湿润的空气，真的很舒服......等一下狐之助你脚印踩上去了！！",
    "shop": ["clothing", "forest"],
    "shopGroup": "benwanjingqu",
    "accessory": 0,
    "accessory_colour": 0,
    "accessory_colour_options": [],
    "accessory_colour_sidebar": 0,
    "back_img": 1,
    "back_img_colour": "primary",
    "cursed": 0,
    "location": 0,
    "iconFile": 0,
    "accIcon": 0,
    "mainImage": 1
  },
  {
    "index":9,
    "author": "圈圈",
    "name": "qixijingqu",
    "name_cap": "qixijingqu",
    "cn_name_cap": "七夕景趣",
    "variable": "qixijingqu",
    "integrity_max": 900,
    "integrity": 900,
    "fabric_strength": 1000,
    "reveal": 50,
    "word": "a",
    "one_piece": 0,
    "plural": 0,
    "hood": 0,
    "colour": 0,
    "colour_options": [],
    "colour_sidebar": 0,
    "colour_combat": 0,
    "type": ["diving", "sleep", "stealthy", "rainproof", "shade"],
    "set": "benwanjingqu",
    "gender": "n",
    "femininity": 0,
    "warmth": 0,
    "cost": 500,
    "description": "某个本丸里的风景。向星星许愿，把期望写在短册上，挂在竹子的枝叶间......还挺浪漫的，不是吗？那么，你的愿望又是什么呢？",
    "shop": ["clothing", "forest"],
    "shopGroup": "benwanjingqu",
    "accessory": 0,
    "accessory_colour": 0,
    "accessory_colour_options": [],
    "accessory_colour_sidebar": 0,
    "back_img": 1,
    "back_img_colour": "primary",
    "cursed": 0,
    "location": 0,
    "iconFile": 0,
    "accIcon": 0,
    "mainImage": 1
},
  {
    "index": 10,
    "author": "稻谷",
    "name": "kongdong",
    "name_cap": "kongdong",
    "cn_name_cap": "小骑士",
    "variable": "kongdong",
    "integrity_max": 900,
    "integrity": 900,
    "fabric_strength": 1000,
    "reveal": 50,
    "word": "a",
    "one_piece": 0,
    "plural": 0,
    "hood": 0,
    "colour": 0,
    "colour_options": [],
    "colour_sidebar": 0,
    "colour_combat": 0,
    "type": [],
    "set": "kongdong",
    "gender": "n",
    "femininity": 0,
    "warmth": 0,
    "cost": 500,
    "description": "小骑士会保护你的贞操，快说谢谢小骑士。",
    "shop": ["clothing", "forest"],
    "accessory": 0,
    "accessory_colour": 0,
    "accessory_colour_options": [],
    "accessory_colour_sidebar": 0,
    "back_img": 1,
    "back_img_colour": "primary",
    "cursed": 0,
    "location": 0,
    "iconFile": 0,
    "accIcon": 0,
    "mainImage": 1
  },
  {
    "index": 11,
    "author": "白玉",
    "name": "heaven and underworld",
    "name_cap": "Heaven and underworld",
    "cn_name_cap": "天与冥",
    "variable": "heavenandunderworld",
    "integrity_max": 900,
    "integrity": 900,
    "fabric_strength": 200,
    "reveal": 300,
    "word": "a",
    "one_piece": 0,
    "plural": 0,
    "hood": 0,
    "colour": 0,
    "colour_options": [],
    "colour_sidebar": 0,
    "colour_combat": 0,
    "type": ["holy", "esoteric"],
    "set": "heavenandunderworld",
    "gender": "n",
    "femininity": 0,
    "warmth": 0,
    "cost": 10000,
    "description": "一个不怎么好看的手机壳",
    "shop": ["clothing", "forest"],
    "accessory": 0,
    "accessory_colour": 0,
    "accessory_colour_options": [],
    "accessory_colour_sidebar": 0,
    "back_img": 1,
    "back_img_colour": "primary",
    "cursed": 0,
    "location": 0,
    "iconFile": "heaven_and_underworld.png",
    "accIcon": 0,
    "mainImage": 1
  },
  {
    "index": 12,
    "author": "挽风",
    "name": "christmas phone",
    "name_cap": "Christmas phone",
    "cn_name_cap": "圣诞手机壳",
    "variable": "christmasphone",
    "integrity_max": 500,
    "integrity": 500,
    "fabric_strength": 100,
    "reveal": 100,
    "word": "a",
    "one_piece": 0,
    "plural": 0,
    "colour": 0,
    "colour_options": [],
    "colour_sidebar": 0,
    "colour_combat": 0,
    "type": ["rainproof"],
    "gender": "f",
    "femininity": 200,
    "warmth": 0,
    "cost": 5000,
    "description": "一款圣诞特供的手机壳。圣诞快乐！",
    "shop": ["clothing"],
    "accessory": 0,
    "accessory_colour": 0,
    "accessory_colour_options": [],
    "accessory_colour_sidebar": 0,
    "back_img": 1,
    "cursed": 0,
    "location": 0,
    "iconFile": "christmas_phone.png",
    "accIcon": 0
  },
  {
    "index": 13,
    "author": "挽风",
    "name": "💎 phone",
    "name_cap": "💎 phone",
    "cn_name_cap": "贴钻手机壳",
    "variable": "💎phone",
    "integrity_max": 500,
    "integrity": 500,
    "fabric_strength": 100,
    "reveal": 100,
    "word": "a",
    "one_piece": 0,
    "plural": 0,
    "colour": 0,
    "colour_options": [],
    "colour_sidebar": 0,
    "colour_combat": 0,
    "type": ["rainproof"],
    "gender": "f",
    "femininity": 200,
    "warmth": 0,
    "cost": 5000,
    "description": "一款少女心十足的💎手机壳，✨blingbling✨！",
    "shop": ["clothing"],
    "accessory": 0,
    "accessory_colour": 0,
    "accessory_colour_options": [],
    "accessory_colour_sidebar": 0,
    "back_img": 1,
    "cursed": 0,
    "location": 0,
    "iconFile": "💎_phone.png",
    "accIcon": 0
  }
]