[
  {
    "index": 1,
    "author": "头头",
    "name": "jiaoyi_neiku",
    "name_cap": "jiaoyi_neiku",
    "cn_name_cap": "胶衣内裤",
    "variable": "jiaoyi_neiku",
    "integrity": 40,
    "integrity_max": 40,
    "fabric_strength": 20,
    "reveal": 600,
    "rearresize": 0,
    "word": "a",
    "one_piece": 0,
    "state": "waist",
    "state_base": "waist",
    "plural": 0,
    "colour": 0,
    "colour_options": [],
    "colour_sidebar": 0,
    "colour_combat": "red",
    "exposed": 0,
    "exposed_base": 0,
    "vagina_exposed": 0,
    "vagina_exposed_base": 0,
    "anus_exposed": 0,
    "anus_exposed_base": 0,
    "type": ["rainproof", "shade", "esoteric"],
    "anal_shield": 0,
    "set": "jiaoyi",
    "warmth": 3,
    "gender": "n",
    "femininity": 300,
    "cost": 0,
    "description": "滑到的反光的胶衣其中的内衣",
    "shop": ["clothing"],
    "accessory": 0,
    "accessory_colour": 0,
    "accessory_colour_options": [],
    "high_img": 0,
    "cursed": 0,
    "location": 0,
    "iconFile": "jiaoyi_neiku.png",
    "accIcon": 0
  },
  {
    "index": 2,
    "author": "头头",
    "name": "gaoyaoneiku",
    "name_cap": "Gaoyaoneiku",
    "cn_name_cap": "高腰内裤",
    "variable": "gaoyaoneiku",
    "integrity_max": 50,
    "integrity": 50,
    "fabric_strength": 15,
    "reveal": 500,
    "rearresize": 0,
    "word": "a",
    "one_piece": 0,
    "state_base": "waist",
    "state": "waist",
    "plural": 0,
    "colour": 0,
    "colour_options": [
      "black",
      "blue",
      "brown",
      "green",
      "pink",
      "purple",
      "red",
      "tangerine",
      "teal",
      "white",
      "yellow",
      "custom"
    ],
    "colour_sidebar": 1,
    "colour_combat": 0,
    "exposed_base": 0,
    "exposed": 0,
    "vagina_exposed_base": 0,
    "vagina_exposed": 0,
    "anus_exposed_base": 0,
    "anus_exposed": 0,
    "no_aside": 1,
    "type": [
      "cool",
      "fetish"
    ],
    "anal_shield": 0,
    "set": "under",
    "gender": "n",
    "femininity": 0,
    "warmth": 5,
    "cost": 2000,
    "description": "高腰加绑带的绝杀",
    "shop": [
      "clothing",
      "school",
      "adult",
      "forest"
    ],
    "accessory": 0,
    "accessory_colour": 0,
    "accessory_colour_options": [],
    "accessory_colour_sidebar": 0,
    "accessory_colour_combat": 0,
    "penis_img": 0,
    "cursed": 0,
    "location": 0,
    "iconFile": "gaoyaoneiku.png",
    "accIcon": 0,
    "mainImage": 1
  },
  {
    "index": 3,
    "author": "小企",
    "name": "hotlimitunder bottom",
    "name_cap": "hotlimitunder bottom",
    "cn_name_cap": "Hotlimit连体衣",
    "variable": "hotlimitunder",
    "integrity_max": 50,
    "integrity": 50,
    "fabric_strength": 15,
    "reveal": 500,
    "rearresize": 0,
    "word": "a",
    "one_piece": 1,
    "state_base": "ankles",
    "state": "ankles",
    "plural": 0,
    "colour": 0,
    "colour_options": [],
    "colour_sidebar": 0,
    "colour_combat": 0,
    "exposed_base": 0,
    "exposed": 0,
    "vagina_exposed_base": 0,
    "vagina_exposed": 0,
    "anus_exposed_base": 0,
    "anus_exposed": 0,
    "no_aside": 1,
    "type": ["cool", "swim", "dance", "costume", "fetish", "dark"],
    "anal_shield": 0,
    "set": "under",
    "gender": "n",
    "femininity": 0,
    "warmth": 5,
    "cost": 2000,
    "description": "阳！性！",
    "shop": ["clothing", "school", "adult"],
    "accessory": 0,
    "accessory_colour": 0,
    "accessory_colour_options": [],
    "accessory_colour_sidebar": 0,
    "accessory_colour_combat": 0,
    "penis_img": 0,
    "cursed": 0,
    "location": 0,
    "iconFile": "hotlimitunder.png",
    "accIcon": 0,
    "mainImage": 1
  }
]