[
  {
    "index": 2,
    "author": "小企",
    "name": "hotlimitunder",
    "name_cap": "hotlimitunder",
    "cn_name_cap": "Hotlimit连体衣",
    "variable": "hotlimitunder",
    "integrity": 40,
    "integrity_max": 40,
    "fabric_strength": 30,
    "reveal": 600,
    "bustresize": 0,
    "word": "a",
    "one_piece": 1,
    "strap": 0,
    "open": 1,
    "state": "waist",
    "state_base": "waist",
    "state_top": "neck",
    "state_top_base": "neck",
    "plural": 0,
    "colour": 0,
    "colour_options": [],
    "colour_sidebar": 0,
    "exposed": 0,
    "exposed_base": 0,
    "type": ["cool", "swim", "dance", "costume", "fetish", "dark"],
    "set": "hotlimitunder",
    "gender": "f",
    "femininity": 300,
    "warmth": 1,
    "cost": 2500,
    "description": "阳！性！",
    "shop": ["clothing", "school"],
    "shopGroup": "schoolswimsuit",
    "accessory": 0,
    "accessory_colour": 0,
    "accessory_colour_options": [],
    "sleeve_img": 0,
    "breast_img": 1,
    "cursed": 0,
    "location": 0,
    "iconFile": "hotlimitunder.png",
    "accIcon": 0
  }
]