[
  {
    "index": 1,
    "author": "稻谷",
    "name": "sailor_suit",
    "name_cap": "Sailor_suit",
    "cn_name_cap": "日系水手服",
    "variable": "sailor_suit",
    "integrity_max": 500,
    "integrity": 500,
    "fabric_strength": 30,
    "reveal": 300,
    "bustresize": 0,
    "word": "a",
    "one_piece":0,
    "strap": 0,
    "open": 0,
    "state_top_base": "chest",
    "state_base": "waist",
    "state_top": "chest",
    "state": "waist",
    "plural": 0,
    "colour": 0,
    "colour_options": ["black", "blue", "brown", "green", "pink", "purple", "red", "tangerine", "teal", "white", "yellow", "custom"],
    "colour_sidebar": 1,
    "colour_combat": 0,
    "exposed_base": 0,
    "exposed": 0,
    "type": ["normal", "school", "cool", "bellyHide"],
    "set": "sailor_suit",
    "gender": "f",
    "femininity": 100,
    "warmth": 3,
    "cost": 500,
    "description": "来自霓虹的有趣服饰，清新可爱",
    "shop": ["clothing", "school", "forest"],
    "accessory": 0,
    "accessory_integrity_img": 0,
    "accessory_colour": 0,
    "accessory_colour_options": [],
    "accessory_colour_sidebar": 0,
    "accessory_colour_combat": 0,
    "sleeve_img": 1,
    "sleeve_acc_img": 0,
    "breast_img": 0,
    "breast_acc_img": 0,
    "has_collar": 0,
    "cursed": 0,
    "location": 0,
    "iconFile": 0,
    "accIcon": 0,
    "mainImage": 1,
    "outfitPrimary": {},
    "notuck": 1,
    "pregType": 0
  },
  {
    "index": 2,
    "name": "compass",
    "author": "稻谷",
    "name_cap": "Compass",
    "cn_name_cap": "莉莉的礼服",
    "variable": "compass",
    "integrity_max": 100,
    "integrity": 100,
    "fabric_strength": 20,
    "reveal": 200,
    "bustresize": 0,
    "word": "a",
    "one_piece": 0,
    "strap": 0,
    "open": 0,
    "state_top_base": "neck",
    "state_base": "ankles",
    "state_top": "neck",
    "state": "ankles",
    "plural": 0,
    "colour": 0,
    "colour_options": [],
    "colour_sidebar": 0,
    "colour_combat": 0,
    "exposed_base": 0,
    "exposed": 0,
    "type": ["cool", "esoteric"],
    "set": "upper",
    "gender": "f",
    "femininity": 100,
    "warmth": 3,
    "cost": 5000,
    "description": "kilakila~",
    "shop": ["clothing", "forest"],
    "accessory": 0,
    "accessory_integrity_img": 0,
    "accessory_colour": 0,
    "accessory_colour_options": [],
    "accessory_colour_sidebar": 0,
    "accessory_colour_combat": 0,
    "sleeve_img": 1,
    "sleeve_acc_img": 0,
    "breast_img": 0,
    "breast_acc_img": 0,
    "has_collar": 0,
    "cursed": 0,
    "location": 0,
    "iconFile": 0,
    "accIcon": 0,
    "mainImage": 1,
    "notuck": 1,
    "pregType": 0
  },
  {
    "index": 3,
    "author": "穆卿",
    "name": "yelaixiang",
    "name_cap": "Yelaixiang",
    "cn_name_cap": "夜来香之吻",
    "variable": "yelaixiang",
    "integrity_max": 100,
    "integrity": 100,
    "fabric_strength": 20,
    "reveal": 500,
    "bustresize": 0,
    "word": "a",
    "one_piece": 0,
    "strap": 0,
    "open": 0,
    "state_top_base": "chest",
    "state_base": "ankles",
    "state_top": "chest",
    "state": "ankles",
    "plural": 0,
    "colour": 0,
    "colour_options": [],
    "colour_sidebar": 0,
    "colour_combat": 0,
    "exposed_base": 0,
    "exposed": 0,
    "type": ["normal", "cool", "dance", "fetish", "sleep", "naked", "bellyShow"],
    "set": "upper",
    "gender": "f",
    "femininity": 100,
    "warmth": 1,
    "cost": 500,
    "description": "夜来香之吻上衣，睡衣外穿也不是不可以",
    "shop": ["clothing", "school", "adult", "forest"],
    "accessory": 0,
    "accessory_integrity_img": 1,
    "accessory_colour": 0,
    "accessory_colour_options": [],
    "accessory_colour_sidebar": 0,
    "accessory_colour_combat": 0,
    "sleeve_img": 0,
    "sleeve_acc_img": 0,
    "breast_img": 1,
    "breast_acc_img": 1,
    "has_collar": 0,
    "cursed": 0,
    "location": 0,
    "iconFile": 0,
    "accIcon": 0,
    "mainImage": 1,
    "notuck": 1,
    "pregType": 0
  },
  {
    "index": 4,
    "author": "稻谷",
    "name": "mantoka",
    "name_cap": "Mantoka",
    "cn_name_cap": "魔法少女上衣",
    "variable": "mantoka",
    "integrity_max": 500,
    "integrity": 500,
    "fabric_strength": 30,
    "reveal": 300,
    "bustresize": 0,
    "word": "a",
    "one_piece": 1,
    "strap": 0,
    "open": 0,
    "state_top_base": "chest",
    "state_base": "waist",
    "state_top": "chest",
    "state": "waist",
    "plural": 0,
    "colour": 0,
    "colour_options": [],
    "colour_sidebar": 0,
    "colour_combat": 0,
    "exposed_base": 0,
    "exposed": 0,
    "type": ["formal", "school", "dance", "sleep", "holy", "chastity", "esoteric", "unstealthy"],
    "set": "upper",
    "gender": "f",
    "femininity": 100,
    "warmth": 3,
    "cost": 5000,
    "description": "要和我签订契约成为马猴烧酒吗！",
    "shop": ["clothing", "school", "forest"],
    "accessory": 0,
    "accessory_integrity_img": 0,
    "accessory_colour": 0,
    "accessory_colour_options": [],
    "accessory_colour_sidebar": 1,
    "accessory_colour_combat": 0,
    "sleeve_img": 1,
    "sleeve_acc_img": 0,
    "breast_img": 0,
    "breast_acc_img": 0,
    "has_collar": 0,
    "cursed": 0,
    "location": 0,
    "iconFile": 0,
    "accIcon": 0,
    "mainImage": 1,
    "notuck": 1,
    "pregType": 0
  },
  {
    "index": 5,
    "author": "稻谷",
    "name": "hefu",
    "name_cap": "Hefu",
    "cn_name_cap": "成年礼和服",
    "variable": "hefu",
    "integrity_max": 100,
    "integrity": 100,
    "fabric_strength": 20,
    "reveal": 200,
    "bustresize": 0,
    "word": "a",
    "one_piece": 0,
    "strap": 0,
    "open": 0,
    "state_top_base": "neck",
    "state_base": "ankles",
    "state_top": "neck",
    "state": "ankles",
    "plural": 0,
    "colour": 0,
    "colour_options": [],
    "colour_sidebar": 0,
    "colour_combat": 0,
    "exposed_base": 0,
    "exposed": 0,
    "type": ["formal", "unstealthy"],
    "set": "upper",
    "gender": "f",
    "femininity": 100,
    "warmth": 3,
    "cost": 5000,
    "description": "花朵艳丽终会凋零",
    "shop": ["clothing", "forest"],
    "accessory": 0,
    "accessory_integrity_img": 0,
    "accessory_colour": 0,
    "accessory_colour_options": [],
    "accessory_colour_sidebar": 0,
    "accessory_colour_combat": 0,
    "sleeve_img": 1,
    "sleeve_acc_img": 0,
    "breast_img": 0,
    "breast_acc_img": 0,
    "has_collar": 0,
    "cursed": 0,
    "location": 0,
    "iconFile": 0,
    "accIcon": 0,
    "mainImage": 1,
    "notuck": 1,
    "pregType": 0
  },
  {
    "index": 6,
    "author": "稻谷",
    "name": "black",
    "name_cap": "Black",
    "cn_name_cap": "高定晚礼服",
    "variable": "black",
    "integrity_max": 50,
    "integrity": 50,
    "fabric_strength": 30,
    "reveal": 500,
    "bustresize": 0,
    "word": "a",
    "one_piece": 0,
    "strap": 0,
    "open": 0,
    "state_top_base": "neck",
    "state_base": "ankles",
    "state_top": "neck",
    "state": "ankles",
    "plural": 0,
    "colour": 0,
    "colour_options": [],
    "colour_sidebar": 0,
    "colour_combat": 0,
    "exposed_base": 0,
    "exposed": 0,
    "type": ["formal", "dance", "bellyHide"],
    "set": "upper",
    "gender": "f",
    "femininity": 100,
    "warmth": 3,
    "cost": 10000,
    "description": "星河灿烂，银河曼舞",
    "shop": ["clothing", "forest"],
    "accessory": 0,
    "accessory_integrity_img": 0,
    "accessory_colour": 0,
    "accessory_colour_options": [],
    "accessory_colour_sidebar": 0,
    "accessory_colour_combat": 0,
    "sleeve_img": 1,
    "sleeve_acc_img": 0,
    "breast_img": 1,
    "breast_acc_img": 0,
    "has_collar": 0,
    "cursed": 0,
    "location": 0,
    "iconFile": 0,
    "accIcon": 0,
    "mainImage": 1,
    "notuck": 1,
    "pregType": 0
  },
  {
    "index": 7,
    "author": "稻谷",
    "name": "nvpu",
    "name_cap": "Nvpu",
    "cn_name_cap": "超短女仆装",
    "variable": "nvpu",
    "integrity_max": 50,
    "integrity": 50,
    "fabric_strength": 15,
    "reveal": 900,
    "bustresize": 1,
    "word": "a",
    "one_piece": 0,
    "strap": 0,
    "open": 1,
    "state_top_base": "neck",
    "state_base": "thighs",
    "state_top": "neck",
    "state": "thighs",
    "plural": 0,
    "colour": 0,
    "colour_options": [],
    "colour_sidebar": 0,
    "colour_combat": 0,
    "exposed_base": 0,
    "exposed": 0,
    "type": ["serving", "fetish"],
    "set": "upper",
    "gender": "f",
    "femininity": 300,
    "warmth": 0,
    "cost": 10000,
    "description": "短短的，轻飘飘~",
    "shop": ["clothing", "adult", "forest"],
    "accessory": 0,
    "accessory_integrity_img": 0,
    "accessory_colour": 0,
    "accessory_colour_options": [],
    "accessory_colour_sidebar": 0,
    "accessory_colour_combat": 0,
    "sleeve_img": 1,
    "sleeve_acc_img": 0,
    "breast_img": 0,
    "breast_acc_img": 0,
    "has_collar": 0,
    "cursed": 0,
    "location": 0,
    "iconFile": 0,
    "accIcon": 0,
    "mainImage": 1,
    "notuck": 1,
    "pregType": 0
  },
  {
    "index": 8,
    "author": "稻谷",
    "name": "xifu",
    "name_cap": "Xifu",
    "cn_name_cap": "囍服",
    "variable": "xifu",
    "integrity_max": 200,
    "integrity": 200,
    "fabric_strength": 100,
    "reveal": 300,
    "bustresize": 0,
    "word": "a",
    "one_piece": 0,
    "strap": 0,
    "open": 0,
    "state_top_base": "neck",
    "state_base": "ankles",
    "state_top": "neck",
    "state": "ankles",
    "plural": 0,
    "colour": 0,
    "colour_options": [],
    "colour_sidebar": 0,
    "colour_combat": 0,
    "exposed_base": 0,
    "exposed": 0,
    "type": ["formal", "bellyHide", "esoteric"],
    "set": "upper",
    "gender": "f",
    "femininity": 100,
    "warmth": 3,
    "cost": 5000,
    "description": "一拜天地，二拜高堂，夫妻对拜",
    "shop": ["clothing", "forest"],
    "accessory": 0,
    "accessory_integrity_img": 0,
    "accessory_colour": 0,
    "accessory_colour_options": [],
    "accessory_colour_sidebar": 0,
    "accessory_colour_combat": 0,
    "sleeve_img": 1,
    "sleeve_acc_img": 0,
    "breast_img": 1,
    "breast_acc_img": 0,
    "has_collar": 0,
    "cursed": 0,
    "location": 0,
    "iconFile": 0,
    "accIcon": 0,
    "mainImage": 1,
    "notuck": 1,
    "pregType": 0
  },
  {
    "index": 9,
    "author": "稻谷",
    "name": "xila",
    "name_cap": "Xila",
    "cn_name_cap": "希腊长裙",
    "variable": "xila",
    "integrity_max": 50,
    "integrity": 50,
    "fabric_strength": 100,
    "reveal": 500,
    "bustresize": 0,
    "word": "a",
    "one_piece": 0,
    "strap": 0,
    "open": 0,
    "state_top_base": "neck",
    "state_base": "waist",
    "state_top": "neck",
    "state": "waist",
    "plural": 0,
    "colour": 0,
    "colour_options": [],
    "colour_sidebar": 0,
    "colour_combat": 0,
    "exposed_base": 0,
    "exposed": 0,
    "type": ["formal", "sleep", "holy", "esoteric", "unstealthy"],
    "set": "xila",
    "gender": "f",
    "femininity": 300,
    "warmth": 0,
    "cost": 5000,
    "description": "愿和平鸽带来远方与幸福",
    "shop": ["clothing", "adult", "forest"],
    "accessory": 0,
    "accessory_integrity_img": 0,
    "accessory_colour": 0,
    "accessory_colour_options": [],
    "accessory_colour_sidebar": 0,
    "accessory_colour_combat": 0,
    "sleeve_img": 1,
    "sleeve_acc_img": 0,
    "breast_img": 0,
    "breast_acc_img": 0,
    "has_collar": 0,
    "cursed": 0,
    "location": 0,
    "iconFile": 0,
    "accIcon": 0,
    "mainImage": 1,
    "notuck": 1,
    "pregType": 0
  },
  {
    "index": 10,
    "author": "稻谷",
    "name": "tunvlang",
    "name_cap": "Tunvlang",
    "cn_name_cap": "兔女郎上衣",
    "variable": "tunvlang",
    "integrity_max": 50,
    "integrity": 50,
    "fabric_strength": 15,
    "reveal": 900,
    "bustresize": 1,
    "word": "a",
    "one_piece": 0,
    "strap": 0,
    "open": 0,
    "state_top_base": "neck",
    "state_base": "chest",
    "state_top": "neck",
    "state": "chest",
    "plural": 0,
    "colour": 0,
    "colour_options": [],
    "colour_sidebar": 0,
    "colour_combat": 0,
    "exposed_base": 0,
    "exposed": 0,
    "type": ["serving", "fetish"],
    "set": "upper",
    "gender": "f",
    "femininity": 300,
    "warmth": 0,
    "cost": 10000,
    "description": "兔女郎很可爱不是吗？",
    "shop": ["clothing", "adult", "forest"],
    "accessory": 1,
    "accessory_integrity_img": 1,
    "accessory_colour": 1,
    "accessory_colour_options": ["black", "blue", "brown", "green", "pink", "purple", "red", "tangerine", "teal", "white", "yellow", "custom"],
    "accessory_colour_sidebar": 1,
    "accessory_colour_combat": 0,
    "sleeve_img": 0,
    "sleeve_acc_img": 0,
    "breast_img": 0,
    "breast_acc_img": 0,
    "has_collar": 0,
    "cursed": 0,
    "location": 0,
    "iconFile": 0,
    "accIcon": 0,
    "mainImage": 1,
    "notuck": 1,
    "pregType": 0
  },
  {
    "index": 11,
    "author": "稻谷",
    "name": "zise",
    "name_cap": "Zise",
    "cn_name_cap": "紫色洛丽塔",
    "variable": "zise",
    "integrity_max": 100,
    "integrity": 100,
    "fabric_strength": 30,
    "reveal": 200,
    "bustresize": 1,
    "word": "a",
    "one_piece": 0,
    "strap": 0,
    "open": 0,
    "state_top_base": "neck",
    "state_base": "thighs",
    "state_top": "neck",
    "state": "thighs",
    "plural": 0,
    "colour": 0,
    "colour_options": [],
    "colour_sidebar": 0,
    "colour_combat": 0,
    "exposed_base": 0,
    "exposed": 0,
    "type": ["formal", "bellyHide"],
    "set": "upper",
    "gender": "f",
    "femininity": 100,
    "warmth": 3,
    "cost": 5000,
    "description": "紫色的小巧洛丽塔",
    "shop": ["clothing"],
    "accessory": 0,
    "accessory_integrity_img": 0,
    "accessory_colour": 0,
    "accessory_colour_options": [],
    "accessory_colour_sidebar": 0,
    "accessory_colour_combat": 0,
    "sleeve_img": 1,
    "sleeve_acc_img": 0,
    "breast_img": 0,
    "breast_acc_img": 0,
    "has_collar": 0,
    "cursed": 0,
    "location": 0,
    "iconFile": 0,
    "accIcon": 0,
    "mainImage": 1,
    "notuck": 1,
    "pregType": 0
  },
  {
    "index": 12,
    "author": "稻谷",
    "name": "qiru",
    "name_cap": "Qiru",
    "cn_name_cap": "齐胸襦裙",
    "variable": "qiru",
    "integrity_max": 100,
    "integrity": 100,
    "fabric_strength": 100,
    "reveal": 200,
    "bustresize": 1,
    "word": "a",
    "one_piece": 0,
    "strap": 0,
    "open": 0,
    "state_top_base": "neck",
    "state_base": "ankles",
    "state_top": "neck",
    "state": "ankles",
    "plural": 0,
    "colour": 0,
    "colour_options": [],
    "colour_sidebar": 0,
    "colour_combat": 0,
    "exposed_base": 0,
    "exposed": 0,
    "type": ["formal", "sleep", "esoteric", "unstealthy"],
    "set": "upper",
    "gender": "f",
    "femininity": 100,
    "warmth": 3,
    "cost": 10000,
    "description": "纤云弄巧，飞星传恨",
    "shop": ["clothing", "forest"],
    "accessory": 0,
    "accessory_integrity_img": 0,
    "accessory_colour": 0,
    "accessory_colour_options": [],
    "accessory_colour_sidebar": 0,
    "accessory_colour_combat": 0,
    "sleeve_img": 1,
    "sleeve_acc_img": 0,
    "breast_img": 0,
    "breast_acc_img": 0,
    "has_collar": 0,
    "cursed": 0,
    "location": 0,
    "iconFile": 0,
    "accIcon": 0,
    "mainImage": 1,
    "notuck": 1,
    "pregType": 0
  },
  {
    "index": 13,
    "author": "稻谷",
    "name": "wedding_dress",
    "name_cap": "Wedding_dress",
    "cn_name_cap": "婚纱",
    "variable": "wedding_dress",
    "integrity_max": 500,
    "integrity": 500,
    "fabric_strength": 30,
    "reveal": 200,
    "bustresize": 1,
    "word": "a",
    "one_piece": 1,
    "strap": 0,
    "open": 0,
    "state_top_base": "chest",
    "state_base": "waist",
    "state_top": "chest",
    "state": "waist",
    "plural": 0,
    "colour": 0,
    "colour_options": ["black", "blue", "brown", "green", "pink", "purple", "red", "tangerine", "teal", "white", "yellow", "custom"],
    "colour_sidebar": 1,
    "colour_combat": 0,
    "exposed_base": 0,
    "exposed": 0,
    "type": ["formal", "sleep", "holy", "chastity", "unstealthy"],
    "set": "upper",
    "gender": "f",
    "femininity": 100,
    "warmth": 3,
    "cost": 5000,
    "description": "纯爱的婚纱，即使满身污垢，只要两心相栖，又有何不可？",
    "shop": ["clothing", "forest"],
    "accessory": 0,
    "accessory_integrity_img": 0,
    "accessory_colour": 0,
    "accessory_colour_options": [],
    "accessory_colour_sidebar": 0,
    "accessory_colour_combat": 0,
    "sleeve_img": 1,
    "sleeve_acc_img": 0,
    "breast_img": 0,
    "breast_acc_img": 0,
    "has_collar": 0,
    "cursed": 0,
    "location": 0,
    "iconFile": "wedding_dress.png",
    "accIcon": 0,
    "mainImage": 1,
    "notuck": 1,
    "pregType": 0
  },
  {
    "index": 14,
    "author": "穆卿",
    "name": "fengtang",
    "name_cap": "Fengtang",
    "cn_name_cap": "枫糖上衣",
    "variable": "fengtang",
    "integrity_max": 200,
    "integrity": 200,
    "fabric_strength": 20,
    "reveal": 500,
    "bustresize": 0,
    "word": "a",
    "one_piece": 0,
    "strap": 0,
    "open": 0,
    "state_top_base": "chest",
    "state_base": "ankles",
    "state_top": "chest",
    "state": "ankles",
    "plural": 0,
    "colour": 0,
    "colour_options": [],
    "colour_sidebar": 0,
    "colour_combat": 0,
    "exposed_base": 0,
    "exposed": 0,
    "type": ["normal", "formal", "cool", "fetish", "dark", "naked", "bellyShow"],
    "set": "fengtang",
    "gender": "f",
    "femininity": 100,
    "warmth": 1,
    "cost": 500,
    "description": "枫糖的低胸衣，愿世界没有穿模",
    "shop": ["clothing", "school", "adult", "forest"],
    "accessory": 0,
    "accessory_integrity_img": 0,
    "accessory_colour": 0,
    "accessory_colour_options": [],
    "accessory_colour_sidebar": 0,
    "accessory_colour_combat": 0,
    "back_img": 1,
    "back_img_colour": "primary",
    "sleeve_img": 0,
    "sleeve_acc_img": 0,
    "breast_img": 0,
    "breast_acc_img": 0,
    "has_collar": 0,
    "cursed": 0,
    "location": 0,
    "iconFile": "fengtang.png",
    "accIcon": 0,
    "mainImage": 1,
    "outfitPrimary": {"lower":"fengtang lower"},
    "notuck": 1,
    "pregType": 0
  },
  {
    "index": 15,
    "author": "稻谷",
    "name": "white",
    "name_cap": "White",
    "cn_name_cap": "白纱礼服",
    "variable": "white",
    "integrity_max": 50,
    "integrity": 50,
    "fabric_strength": 20,
    "reveal": 500,
    "bustresize": 1,
    "word": "a",
    "one_piece": 0,
    "strap": 0,
    "open": 0,
    "state_top_base": "neck",
    "state_base": "waist",
    "state_top": "neck",
    "state": "waist",
    "plural": 0,
    "colour": 0,
    "colour_options": [],
    "colour_sidebar": 0,
    "colour_combat": 0,
    "exposed_base": 0,
    "exposed": 0,
    "type": ["formal", "dance"],
    "set": "upper",
    "gender": "f",
    "femininity": 200,
    "warmth": 3,
    "cost": 10000,
    "description": "或许很适合跳舞",
    "shop": ["clothing", "adult", "forest"],
    "accessory": 0,
    "accessory_integrity_img": 0,
    "accessory_colour": 0,
    "accessory_colour_options": [],
    "accessory_colour_sidebar": 0,
    "accessory_colour_combat": 0,
    "sleeve_img": 0,
    "sleeve_acc_img": 0,
    "breast_img": 0,
    "breast_acc_img": 0,
    "has_collar": 0,
    "cursed": 0,
    "location": 0,
    "iconFile": 0,
    "accIcon": 0,
    "mainImage": 1,
    "notuck": 1,
    "pregType": 0
  },
  {
    "index": 16,
    "author": "稻谷",
    "name": "blackshirt",
    "name_cap": "Blackshirt",
    "cn_name_cap": "酷酷上衣",
    "variable": "blackshirt",
    "integrity_max": 50,
    "integrity": 50,
    "fabric_strength": 20,
    "reveal": 700,
    "bustresize": 1,
    "word": "a",
    "one_piece": 0,
    "strap": 0,
    "open": 0,
    "state_top_base": "chest",
    "state_base": "waist",
    "state_top": "chest",
    "state": "waist",
    "plural": 0,
    "colour": 0,
    "colour_options": ["black", "blue", "brown", "green", "pink", "purple", "red", "tangerine", "teal", "white", "yellow", "custom"],
    "colour_sidebar": 1,
    "colour_combat": 0,
    "exposed_base": 0,
    "exposed": 0,
    "type": ["normal", "cool", "dance"],
    "set": "blackshirt",
    "gender": "f",
    "femininity": 200,
    "warmth": 1,
    "cost": 2000,
    "description": "暖暖的很安心。",
    "shop": ["clothing", "forest"],
    "accessory": 0,
    "accessory_integrity_img": 0,
    "accessory_colour": 0,
    "accessory_colour_options": [],
    "accessory_colour_sidebar": 0,
    "accessory_colour_combat": 0,
    "sleeve_img": 0,
    "sleeve_acc_img": 0,
    "breast_img": 0,
    "breast_acc_img": 0,
    "has_collar": 0,
    "cursed": 0,
    "location": 0,
    "iconFile": 0,
    "accIcon": 0,
    "mainImage": 1,
    "notuck": 1,
    "pregType": 0
  },
  {
    "index": 17,
    "author": "稻谷",
    "name": "yaxi",
    "name_cap": "Yaxi",
    "cn_name_cap": "黑粉小裙子",
    "variable": "yaxi",
    "integrity_max": 50,
    "integrity": 50,
    "fabric_strength": 20,
    "reveal": 700,
    "bustresize": 1,
    "word": "a",
    "one_piece": 0,
    "strap": 0,
    "open": 0,
    "state_top_base": "neck",
    "state_base": "waist",
    "state_top": "neck",
    "state": "waist",
    "plural": 0,
    "colour": 0,
    "colour_options": [],
    "colour_sidebar": 0,
    "colour_combat": 0,
    "exposed_base": 0,
    "exposed": 0,
    "type": ["cool", "dance", "holy"],
    "set": "upper",
    "gender": "f",
    "femininity": 300,
    "warmth": 0,
    "cost": 5000,
    "description": "黑色的小裙子！",
    "shop": ["clothing", "adult", "forest"],
    "accessory": 0,
    "accessory_integrity_img": 0,
    "accessory_colour": 0,
    "accessory_colour_options": [],
    "accessory_colour_sidebar": 0,
    "accessory_colour_combat": 0,
    "sleeve_img": 0,
    "sleeve_acc_img": 0,
    "breast_img": 0,
    "breast_acc_img": 0,
    "has_collar": 0,
    "cursed": 0,
    "location": 0,
    "iconFile": 0,
    "accIcon": 0,
    "mainImage": 1,
    "notuck": 1,
    "pregType": 0
  },
  {
    "index": 18,
    "author": "稻谷",
    "name": "egypt",
    "name_cap": "Egypt",
    "cn_name_cap": "埃及艳后上衣",
    "variable": "egypt",
    "integrity_max": 50,
    "integrity": 50,
    "fabric_strength": 100,
    "reveal": 900,
    "bustresize": 0,
    "word": "a",
    "one_piece": 0,
    "strap": 0,
    "open": 0,
    "state_top_base": "neck",
    "state_base": "waist",
    "state_top": "neck",
    "state": "waist",
    "plural": 0,
    "colour": 0,
    "colour_options": [],
    "colour_sidebar": 0,
    "colour_combat": 0,
    "exposed_base": 0,
    "exposed": 0,
    "type": ["dance", "sleep", "dark", "eerie", "esoteric", "unstealthy"],
    "set": "upper",
    "gender": "f",
    "femininity": 300,
    "warmth": 0,
    "cost": 5000,
    "description": "艳后又岂是凡人所能理解！",
    "shop": ["clothing", "adult", "forest"],
    "accessory": 0,
    "accessory_integrity_img": 0,
    "accessory_colour": 0,
    "accessory_colour_options": [],
    "accessory_colour_sidebar": 0,
    "accessory_colour_combat": 0,
    "sleeve_img": 0,
    "sleeve_acc_img": 0,
    "breast_img": 0,
    "breast_acc_img": 0,
    "has_collar": 0,
    "cursed": 0,
    "location": 0,
    "iconFile": 0,
    "accIcon": 0,
    "mainImage": 1,
    "notuck": 1,
    "pregType": 0
  },
  {
    "index": 19,
    "author": "陆舟",
    "name": "fishtail dressa",
    "name_cap": "Fishtail dressa",
    "cn_name_cap": "优雅鱼尾裙（透明纱）",
    "variable": "fishtaildressa",
    "integrity_max": 500,
    "integrity": 500,
    "fabric_strength": 50,
    "reveal": 500,
    "bustresize": 0,
    "word": "a",
    "one_piece": 1,
    "strap": 0,
    "open": 0,
    "state_top_base": "chest",
    "state_base": "waist",
    "state_top": "chest",
    "state": "waist",
    "plural": 0,
    "colour": 0,
    "colour_options": [
      "primary",
      "black",
      "blue",
      "brown",
      "green",
      "pink",
      "purple",
      "red",
      "tangerine",
      "teal",
      "white",
      "yellow",
      "custom"
    ],
    "colour_sidebar": 1,
    "colour_combat": 0,
    "exposed_base": 0,
    "exposed": 0,
    "type": [
      "normal",
      "formal",
      "dance"
    ],
    "set": "fishtaildressa",
    "gender": "f",
    "femininity": 100,
    "warmth": 20,
    "cost": 20000,
    "description": "到大海去，那里才是真正的自由。",
    "shop": [
      "clothing",
      "forest"
    ],
    "accessory": 0,
    "accessory_integrity_img": 0,
    "accessory_colour": 0,
    "accessory_colour_options": [],
    "accessory_colour_sidebar": 0,
    "accessory_colour_combat": 0,
    "sleeve_img": 0,
    "sleeve_acc_img": 0,
    "breast_img": 0,
    "breast_acc_img": 0,
    "has_collar": 0,
    "cursed": 0,
    "location": 0,
    "iconFile": "fishdressa.png",
    "accIcon": 0,
    "mainImage": 1,
    "outfitPrimary": {
      "lower": "fishtail dressa bottom"
    },
    "notuck": 1,
    "pregType": 0
  },
  {
    "index": 20,
    "author": "❤lur",
    "name": "oldway",
    "name_cap": "oldway",
    "cn_name_cap": "复古日常款小裙子",
    "variable": "oldway",
    "integrity_max": 50,
    "integrity": 50,
    "fabric_strength": 20,
    "reveal": 700,
    "bustresize": 1,
    "word": "an",
    "one_piece": 1,
    "strap": 0,
    "open": 0,
    "state_top_base": "neck",
    "state_base": "thighs",
    "state_top": "neck",
    "state": "thighs",
    "plural": 0,
    "colour": 0,
    "colour_options": [],
    "colour_sidebar": 0,
    "colour_combat": 0,
    "exposed_base": 0,
    "exposed": 0,
    "type": ["cool", "dance", "holy"],
    "set": "oldway",
    "gender": "f",
    "femininity": 300,
    "warmth": 0,
    "cost": 5000,
    "description": "",
    "shop": ["clothing", "adult", "forest"],
    "accessory": 1,
    "accessory_integrity_img": 0,
    "accessory_colour": 0,
    "accessory_colour_options": ["black", "blue", "brown", "green", "pink", "purple", "red", "tangerine", "teal", "white", "yellow", "custom"],
    "accessory_colour_sidebar": 1,
    "accessory_colour_combat": 0,
    "sleeve_img": 1,
    "sleeve_acc_img": 1,
    "breast_img": 1,
    "breast_acc_img": 0,
    "has_collar": 0,
    "cursed": 0,
    "location": 0,
    "iconFile": 0,
    "accIcon": 0,
    "mainImage": 1,
    "outfitPrimary": {
      "lower":"oldway lower"},
    "notuck": 1,
    "pregType": 0,
    "meow_tag": 1
  },
  {
    "index": 21,
    "author": "穆卿",
    "name": "duoluo",
    "name_cap": "Duoluo",
    "cn_name_cap": "堕落医师上衣",
    "variable": "duoluo",
    "integrity_max": 200,
    "integrity": 200,
    "fabric_strength": 20,
    "reveal": 200,
    "bustresize": 0,
    "word": "a",
    "one_piece": 1,
    "strap": 0,
    "open": 0,
    "state_top_base": "chest",
    "state_base": "ankles",
    "state_top": "chest",
    "state": "ankles",
    "plural": 0,
    "colour": 0,
    "colour_options": ["black", "blue", "brown", "green", "pink", "purple", "red", "tangerine", "teal", "white", "yellow", "custom"],
    "colour_sidebar": 1,
    "colour_combat": 0,
    "exposed_base": 0,
    "exposed": 0,
    "type": ["normal", "cool", "fetish", "naked", "bellyShow"],
    "set": "duoluo",
    "gender": "f",
    "femininity": 100,
    "warmth": 3,
    "cost": 500,
    "description": "堕落医师上衣，可以从心心缺口插手进去哦",
    "shop": ["clothing", "school", "adult", "forest"],
    "accessory": 0,
    "accessory_integrity_img": 0,
    "accessory_colour": 0,
    "accessory_colour_options": [],
    "accessory_colour_sidebar": 0,
    "accessory_colour_combat": 0,
    "sleeve_img": 0,
    "sleeve_acc_img": 0,
    "breast_img": 1,
    "breast_acc_img": 0,
    "has_collar": 0,
    "cursed": 0,
    "location": 0,
    "iconFile": 0,
    "accIcon": 0,
    "mainImage": 1,
    "outfitPrimary": {
      "lower":"duoluo lower"},
    "notuck": 1,
    "pregType": 0
  },
  {
    "index": 22,
    "author": "稻谷",
    "name": "niceshort",
    "name_cap": "Niceshort",
    "cn_name_cap": "宫廷衬衫",
    "variable": "niceshort",
    "integrity_max": 50,
    "integrity": 50,
    "fabric_strength": 20,
    "reveal": 300,
    "bustresize": 0,
    "word": "a",
    "one_piece": 0,
    "strap": 0,
    "open": 0,
    "state_top_base": "neck",
    "state_base": "waist",
    "state_top": "neck",
    "state": "waist",
    "plural": 0,
    "colour": 0,
    "colour_options": [],
    "colour_sidebar": 0,
    "colour_combat": 0,
    "exposed_base": 0,
    "exposed": 0,
    "type": ["formal", "chest_bind", "bellyHide"],
    "set": "upper",
    "gender": "m",
    "femininity": 100,
    "warmth": 3,
    "cost": 10000,
    "description": "男士宫廷衬衫",
    "shop": ["clothing", "forest"],
    "accessory": 0,
    "accessory_integrity_img": 0,
    "accessory_colour": 0,
    "accessory_colour_options": [],
    "accessory_colour_sidebar": 0,
    "accessory_colour_combat": 0,
    "sleeve_img": 1,
    "sleeve_acc_img": 0,
    "breast_img": 0,
    "breast_acc_img": 0,
    "has_collar": 0,
    "cursed": 0,
    "location": 0,
    "iconFile": "niceshort.png",
    "accIcon": 0,
    "mainImage": 1,
    "notuck": 1,
    "pregType": 0
  },
  {
    "index": 22,
    "author": "稻谷",
    "name": "alice",
    "name_cap": "Alice",
    "cn_name_cap": "爱丽丝的小洋裙",
    "variable": "alice",
    "integrity_max": 100,
    "integrity": 100,
    "fabric_strength": 30,
    "reveal": 300,
    "bustresize": 0,
    "word": "a",
    "one_piece": 1,
    "strap": 0,
    "open": 0,
    "state_top_base": "neck",
    "state_base": "waist",
    "state_top": "neck",
    "state": "waist",
    "plural": 0,
    "colour": 0,
    "colour_options": [],
    "colour_sidebar": 0,
    "colour_combat": 0,
    "exposed_base": 0,
    "exposed": 0,
    "type": ["bellyHide", "esoteric"],
    "set": "alice",
    "gender": "f",
    "femininity": 100,
    "warmth": 3,
    "cost": 10000,
    "description": "你有看到兔子先生吗",
    "shop": ["clothing", "forest"],
    "accessory": 0,
    "accessory_integrity_img": 0,
    "accessory_colour": 0,
    "accessory_colour_options": [],
    "accessory_colour_sidebar": 0,
    "accessory_colour_combat": 0,
    "sleeve_img": 1,
    "sleeve_acc_img": 0,
    "breast_img": 0,
    "breast_acc_img": 0,
    "has_collar": 0,
    "cursed": 0,
    "location": 0,
    "iconFile": 0,
    "accIcon": 0,
    "mainImage": 1,
    "outfitPrimary": {"lower": "alice bottom"},
    "notuck": 1,
    "pregType": 0
  },
  {
    "index": 23,
    "name": "guowang",
    "author": "稻谷",
    "name_cap": "Guowang",
    "cn_name_cap": "国王礼服",
    "variable": "guowang",
    "integrity_max": 100,
    "integrity": 100,
    "fabric_strength": 100,
    "reveal": 300,
    "bustresize": 0,
    "word": "a",
    "one_piece": 1,
    "strap": 0,
    "open": 1,
    "state_top_base": "neck",
    "state_base": "knees",
    "state_top": "neck",
    "state": "knees",
    "plural": 0,
    "colour": 0,
    "colour_options": [],
    "colour_sidebar": 0,
    "colour_combat": 0,
    "exposed_base": 0,
    "exposed": 0,
    "type": ["formal", "holy", "bellyHide", "esoteric"],
    "set": "upper",
    "gender": "n",
    "femininity": 0,
    "warmth": 6,
    "cost": 10000,
    "description": "穿着这个礼服，说不定都可以加冕了吧",
    "shop": ["clothing", "forest"],
    "accessory": 0,
    "accessory_integrity_img": 0,
    "accessory_colour": 0,
    "accessory_colour_options": [],
    "accessory_colour_sidebar": 0,
    "accessory_colour_combat": 0,
    "sleeve_img": 0,
    "sleeve_acc_img": 0,
    "breast_img": 0,
    "breast_acc_img": 0,
    "has_collar": 0,
    "cursed": 0,
    "location": 0,
    "iconFile": 0,
    "accIcon": 0,
    "mainImage": 1,
    "notuck": 1,
    "pregType": 0
  },
  {
    "index": 24,
    "author": "稻谷",
    "name": "miao",
    "name_cap": "Miao",
    "cn_name_cap": "苗疆上衣",
    "variable": "miao",
    "integrity_max": 100,
    "integrity": 100,
    "fabric_strength": 20,
    "reveal": 200,
    "bustresize": 0,
    "word": "a",
    "one_piece": 0,
    "strap": 0,
    "open": 0,
    "state_top_base": "neck",
    "state_base": "knees",
    "state_top": "neck",
    "state": "knees",
    "plural": 0,
    "colour": 0,
    "colour_options": [],
    "colour_sidebar": 0,
    "colour_combat": 0,
    "exposed_base": 0,
    "exposed": 0,
    "type": ["formal", "holy", "bellyShow", "esoteric"],
    "set": "upper",
    "gender": "n",
    "femininity": 0,
    "warmth": 6,
    "cost": 10000,
    "description": "苗族也没什么东西好送你，只有这段情罢了",
    "shop": ["clothing", "forest"],
    "accessory": 0,
    "accessory_integrity_img": 0,
    "accessory_colour": 0,
    "accessory_colour_options": [],
    "accessory_colour_sidebar": 0,
    "accessory_colour_combat": 0,
    "sleeve_img": 1,
    "sleeve_acc_img": 0,
    "breast_img": 1,
    "breast_acc_img": 0,
    "has_collar": 0,
    "cursed": 0,
    "location": 0,
    "iconFile": 0,
    "accIcon": 0,
    "mainImage": 1,
    "notuck": 1,
    "pregType": 0
  },
  {
    "index": 25,
    "author": "稻谷",
    "name": "zangpao",
    "name_cap": "Zangpao",
    "cn_name_cap": "藏袍",
    "variable": "zangpao",
    "integrity_max": 100,
    "integrity": 100,
    "fabric_strength": 20,
    "reveal": 200,
    "bustresize": 0,
    "word": "a",
    "one_piece": 1,
    "strap": 0,
    "open": 0,
    "state_top_base": "neck",
    "state_base": "knees",
    "state_top": "neck",
    "state": "knees",
    "plural": 0,
    "colour": 0,
    "colour_options": [],
    "colour_sidebar": 0,
    "colour_combat": 0,
    "exposed_base": 0,
    "exposed": 0,
    "type": ["formal", "holy", "bellyShow", "esoteric"],
    "set": "zangpao",
    "gender": "n",
    "femininity": 0,
    "warmth": 6,
    "cost": 10000,
    "description": "带走这只格桑花吧",
    "shop": ["clothing", "forest"],
    "accessory": 0,
    "accessory_integrity_img": 0,
    "accessory_colour": 0,
    "accessory_colour_options": [],
    "accessory_colour_sidebar": 0,
    "accessory_colour_combat": 0,
    "sleeve_img": 1,
    "sleeve_acc_img": 0,
    "breast_img": 0,
    "breast_acc_img": 0,
    "has_collar": 0,
    "cursed": 0,
    "location": 0,
    "iconFile": 0,
    "accIcon": 0,
    "mainImage": 1,
    "outfitPrimary": {
      "lower": "zangpao bottom"},
    "notuck": 1,
    "pregType": 0
  },
  {
    "index": 25,
    "name": "kyouko",
    "name_cap": "kyouko",
    "cn_name_cap": "kyouko",
    "variable": "kyouko",
    "integrity_max": 100,
    "integrity": 100,
    "fabric_strength": 20,
    "reveal": 200,
    "bustresize": 0,
    "word": "a",
    "one_piece": 0,
    "strap": 0,
    "open": 0,
    "state_top_base": "neck",
    "state_base": "knees",
    "state_top": "neck",
    "state": "knees",
    "plural": 0,
    "colour": 0,
    "colour_options": [],
    "colour_sidebar": 0,
    "colour_combat": 0,
    "exposed_base": 0,
    "exposed": 0,
    "type": ["formal", "holy", "bellyShow", "esoteric"],
    "set": "upper",
    "gender": "n",
    "femininity": 0,
    "warmth": 6,
    "cost": 10000,
    "description": "",
    "shop": ["clothing", "forest"],
    "accessory": 0,
    "accessory_integrity_img": 0,
    "accessory_colour": 0,
    "accessory_colour_options": [],
    "accessory_colour_sidebar": 0,
    "accessory_colour_combat": 0,
    "sleeve_img": 1,
    "sleeve_acc_img": 0,
    "breast_img": 1,
    "breast_acc_img": 0,
    "has_collar": 0,
    "cursed": 0,
    "location": 0,
    "iconFile": 0,
    "accIcon": 0,
    "mainImage": 1,
    "notuck": 1,
    "pregType": 0
  },
  {
    "index": 26,
    "author": "稻谷",
    "name": "orange",
    "name_cap": "Orange",
    "cn_name_cap": "橙色齐胸襦裙",
    "variable": "orange",
    "integrity_max": 100,
    "integrity": 100,
    "fabric_strength": 20,
    "reveal": 500,
    "bustresize": 0,
    "word": "a",
    "one_piece": 0,
    "strap": 0,
    "open": 0,
    "state_top_base": "neck",
    "state_base": "ankles",
    "state_top": "neck",
    "state": "ankles",
    "plural": 0,
    "colour": 0,
    "colour_options": [],
    "colour_sidebar": 0,
    "colour_combat": 0,
    "exposed_base": 0,
    "exposed": 0,
    "type": ["dance", "bellyHide"],
    "set": "upper",
    "gender": "f",
    "femininity": 100,
    "warmth": 3,
    "cost": 5000,
    "description": "适合春游",
    "shop": ["clothing", "forest"],
    "accessory": 0,
    "accessory_integrity_img": 0,
    "accessory_colour": 0,
    "accessory_colour_options": [],
    "accessory_colour_sidebar": 0,
    "accessory_colour_combat": 0,
    "sleeve_img": 1,
    "sleeve_acc_img": 0,
    "breast_img": 0,
    "breast_acc_img": 0,
    "has_collar": 0,
    "cursed": 0,
    "location": 0,
    "iconFile": 0,
    "accIcon": 0,
    "mainImage": 1,
    "notuck": 1,
    "pregType": 0
  },
  {
    "index": 27,
    "author": "稻谷",
    "name": "xizhuang",
    "name_cap": "Xizhuang",
    "cn_name_cap": "小马甲衬衫",
    "variable": "xizhuang",
    "integrity_max": 100,
    "integrity": 100,
    "fabric_strength": 20,
    "reveal": 200,
    "bustresize": -1,
    "word": "a",
    "one_piece": 0,
    "strap": 0,
    "open": 0,
    "state_top_base": "neck",
    "state_base": "waist",
    "state_top": "neck",
    "state": "waist",
    "plural": 0,
    "colour": 0,
    "colour_options": [],
    "colour_sidebar": 0,
    "colour_combat": 0,
    "exposed_base": 0,
    "exposed": 0,
    "type": ["formal"],
    "set": "upper",
    "gender": "m",
    "femininity": -300,
    "warmth": 3,
    "cost": 10000,
    "description": "高级西装！",
    "shop": ["clothing", "forest"],
    "accessory": 0,
    "accessory_integrity_img": 0,
    "accessory_colour": 0,
    "accessory_colour_options": [],
    "accessory_colour_sidebar": 0,
    "accessory_colour_combat": 0,
    "sleeve_img": 1,
    "sleeve_acc_img": 0,
    "breast_img": 0,
    "breast_acc_img": 0,
    "has_collar": 0,
    "cursed": 0,
    "location": 0,
    "iconFile": 0,
    "accIcon": 0,
    "mainImage": 1,
    "notuck": 1,
    "pregType": 0
  },
  {
    "index": 28,
    "author": "稻谷",
    "name": "lifu",
    "name_cap": "Lifu",
    "cn_name_cap": "小礼服",
    "variable": "lifu",
    "integrity_max": 100,
    "integrity": 100,
    "fabric_strength": 20,
    "reveal": 200,
    "bustresize": 0,
    "word": "a",
    "one_piece": 0,
    "strap": 0,
    "open": 0,
    "state_top_base": "neck",
    "state_base": "ankles",
    "state_top": "neck",
    "state": "ankles",
    "plural": 0,
    "colour": 0,
    "colour_options": ["black", "blue", "brown", "green", "pink", "purple", "red", "tangerine", "teal", "white", "yellow", "custom"],
    "colour_sidebar": 1,
    "colour_combat": 0,
    "exposed_base": 0,
    "exposed": 0,
    "type": ["formal"],
    "set": "upper",
    "gender": "f",
    "femininity": 100,
    "warmth": 3,
    "cost": 5000,
    "description": "玛丽王后时期的礼服",
    "shop": ["clothing", "forest"],
    "accessory": 0,
    "accessory_integrity_img": 0,
    "accessory_colour": 1,
    "accessory_colour_options": ["black", "blue", "brown", "green", "pink", "purple", "red", "tangerine", "teal", "white", "yellow", "custom"],
    "accessory_colour_sidebar": 1,
    "accessory_colour_combat": 0,
    "sleeve_img": 0,
    "sleeve_acc_img": 0,
    "breast_img": 1,
    "breast_acc_img": 0,
    "has_collar": 0,
    "cursed": 0,
    "location": 0,
    "iconFile": 0,
    "accIcon": 0,
    "mainImage": 1,
    "notuck": 1,
    "pregType": 0
  },
  {
    "index": 29,
    "author": "稻谷",
    "name": "mali",
    "name_cap": "Mali",
    "cn_name_cap": "玛丽礼服",
    "variable": "mali",
    "integrity_max": 100,
    "integrity": 100,
    "fabric_strength": 20,
    "reveal": 500,
    "bustresize": 0,
    "word": "a",
    "one_piece": 0,
    "strap": 0,
    "open": 0,
    "state_top_base": "neck",
    "state_base": "ankles",
    "state_top": "neck",
    "state": "ankles",
    "plural": 0,
    "colour": 0,
    "colour_options": [],
    "colour_sidebar": 0,
    "colour_combat": 0,
    "exposed_base": 0,
    "exposed": 0,
    "type": ["formal"],
    "set": "upper",
    "gender": "f",
    "femininity": 200,
    "warmth": 3,
    "cost": 5000,
    "description": "玛丽王后时期的礼服",
    "shop": ["clothing", "forest"],
    "accessory": 0,
    "accessory_integrity_img": 0,
    "accessory_colour": 0,
    "accessory_colour_options": [],
    "accessory_colour_sidebar": 0,
    "accessory_colour_combat": 0,
    "sleeve_img": 1,
    "sleeve_acc_img": 0,
    "breast_img": 0,
    "breast_acc_img": 0,
    "has_collar": 0,
    "cursed": 0,
    "location": 0,
    "iconFile": 0,
    "accIcon": 0,
    "mainImage": 1,
    "notuck": 1,
    "pregType": 0
  },
  {
    "index": 30,
    "author": "黑玉",
    "name": "casual shirt",
    "name_cap": "Casual shirt",
    "cn_name_cap": "休闲衬衫",
    "variable": "casualshirt",
    "integrity_max": 500,
    "integrity": 500,
    "fabric_strength": 200,
    "reveal": 200,
    "bustresize": 0,
    "word": "a",
    "one_piece": 1,
    "strap": 0,
    "open": 0,
    "state_top_base": "chest",
    "state_base": "waist",
    "state_top": "chest",
    "state": "waist",
    "plural": 0,
    "colour": 0,
    "colour_options": [],
    "colour_sidebar": 0,
    "colour_combat": 0,
    "exposed_base": 0,
    "exposed": 0,
    "type": ["normal", "dance", "sleep", "tanLines", "chest_bind", "bellyHide"],
    "set": "upper",
    "gender": "m",
    "femininity": -100,
    "warmth": 3,
    "cost": 5000,
    "description": "一件温暖又舒适的衬衫",
    "shop": ["clothing", "forest"],
    "accessory": 0,
    "accessory_integrity_img": 0,
    "accessory_colour": 0,
    "accessory_colour_options": [],
    "accessory_colour_sidebar": 0,
    "accessory_colour_combat": 0,
    "sleeve_img": 1,
    "sleeve_acc_img": 0,
    "breast_img": 0,
    "breast_acc_img": 0,
    "has_collar": 0,
    "cursed": 0,
    "location": 0,
    "iconFile": "casual_shirt.png",
    "accIcon": 0,
    "mainImage": 1,
    "notuck": 1,
    "pregType": 0
  },
  {
    "index": 31,
    "author": "枝垂桜",
    "name": "knd",
    "name_cap": "knd",
    "cn_name_cap": "奏初始队服",
    "variable": "knd",
    "integrity_max": 900,
    "integrity": 900,
    "fabric_strength": 200,
    "reveal": 100,
    "bustresize": 0,
    "word": "a",
    "one_piece": 1,
    "strap": 0,
    "open": 0,
    "state_top_base": "chest",
    "state_base": "waist",
    "state_top": "chest",
    "state": "waist",
    "plural": 0,
    "colour": 0,
    "colour_options": [],
    "colour_sidebar": 0,
    "colour_combat": 0,
    "exposed_base": 0,
    "exposed": 0,
    "type": ["normal"],
    "set": "knd",
    "gender": "n",
    "femininity": 0,
    "warmth": 3,
    "cost": 5000,
    "description": "我不知道我什么都不知道",
    "shop": ["clothing", "forest"],
    "accessory": 0,
    "accessory_integrity_img": 0,
    "accessory_colour": 0,
    "accessory_colour_options": [],
    "accessory_colour_sidebar": 0,
    "accessory_colour_combat": 0,
    "sleeve_img": 1,
    "sleeve_acc_img": 0,
    "breast_img": 0,
    "breast_acc_img": 0,
    "has_collar": 0,
    "cursed": 0,
    "location": 0,
    "iconFile": "knd.png",
    "accIcon": 0,
    "mainImage": 1,
    "outfitPrimary": {"lower": "knd"},
    "notuck": 1,
    "pregType": 0
  },
  {
    "index": 32,
    "author": "头头",
    "name": "jiaoyi",
    "name_cap": "jiaoyi",
    "cn_name_cap": "胶衣",
    "variable": "jiaoyi",
    "integrity_max": 900,
    "integrity": 900,
    "fabric_strength": 200,
    "reveal": 100,
    "bustresize": 0,
    "word": "a",
    "one_piece": 1,
    "strap": 0,
    "open": 0,
    "state_top_base": "chest",
    "state_base": "waist",
    "state_top": "chest",
    "state": "waist",
    "plural": 0,
    "colour": 0,
    "colour_options": [],
    "colour_sidebar": 0,
    "colour_combat": 0,
    "exposed_base": 0,
    "exposed": 0,
    "type": ["rainproof", "shade", "esoteric"],
    "set": "jiaoyi",
    "gender": "n",
    "femininity": 0,
    "warmth": 3,
    "cost": 5000,
    "description": "滑到的反光的胶衣",
    "shop": ["clothing", "forest"],
    "accessory": 0,
    "accessory_integrity_img": 0,
    "accessory_colour": 0,
    "accessory_colour_options": [],
    "accessory_colour_sidebar": 0,
    "accessory_colour_combat": 0,
    "sleeve_img": 1,
    "sleeve_acc_img": 0,
    "breast_img": 0,
    "breast_acc_img": 0,
    "has_collar": 0,
    "cursed": 0,
    "location": 0,
    "iconFile": "jiaoyi.png",
    "accIcon": 0,
    "mainImage": 1,
    "notuck": 1,
    "pregType": 0
  },
  {
    "index": 33,
    "author": "稻谷",
    "name": "maoyi",
    "name_cap": "Maoyi",
    "cn_name_cap": "圣诞毛衣",
    "variable": "maoyi",
    "integrity_max": 100,
    "integrity": 100,
    "fabric_strength": 30,
    "reveal": 200,
    "bustresize": 0,
    "word": "a",
    "one_piece": 0,
    "strap": 0,
    "open": 0,
    "state_top_base": "neck",
    "state_base": "thighs",
    "state_top": "neck",
    "state": "thighs",
    "plural": 0,
    "colour": 0,
    "colour_options": [],
    "colour_sidebar": 0,
    "colour_combat": 0,
    "exposed_base": 0,
    "exposed": 0,
    "type": ["school"],
    "set": "upper",
    "gender": "f",
    "femininity": 100,
    "warmth": 6,
    "cost": 5000,
    "description": "毛茸茸的红色圣诞毛衣",
    "shop": ["clothing", "school", "forest"],
    "accessory": 0,
    "accessory_integrity_img": 0,
    "accessory_colour": 0,
    "accessory_colour_options": [],
    "accessory_colour_sidebar": 0,
    "accessory_colour_combat": 0,
    "sleeve_img": 1,
    "sleeve_acc_img": 0,
    "breast_img": 0,
    "breast_acc_img": 0,
    "has_collar": 0,
    "cursed": 0,
    "location": 0,
    "iconFile": 0,
    "accIcon": 0,
    "mainImage": 1,
    "notuck": 1,
    "pregType": 0
  },
  {
    "index": 34,
    "author": "稻谷",
    "name": "blue",
    "name_cap": "Blue",
    "cn_name_cap": "蓝色的礼服",
    "variable": "blue",
    "integrity_max": 100,
    "integrity": 100,
    "fabric_strength": 20,
    "reveal": 500,
    "bustresize": 0,
    "word": "a",
    "one_piece": 0,
    "strap": 0,
    "open": 0,
    "state_top_base": "neck",
    "state_base": "ankles",
    "state_top": "neck",
    "state": "ankles",
    "plural": 0,
    "colour": 0,
    "colour_options": [],
    "colour_sidebar": 0,
    "colour_combat": 0,
    "exposed_base": 0,
    "exposed": 0,
    "type": ["formal"],
    "set": "upper",
    "gender": "f",
    "femininity": 200,
    "warmth": 3,
    "cost": 5000,
    "description": "玛丽王后时期的礼服",
    "shop": ["clothing", "forest"],
    "accessory": 0,
    "accessory_integrity_img": 0,
    "accessory_colour": 0,
    "accessory_colour_options": [],
    "accessory_colour_sidebar": 0,
    "accessory_colour_combat": 0,
    "sleeve_img": 1,
    "sleeve_acc_img": 0,
    "breast_img": 0,
    "breast_acc_img": 0,
    "has_collar": 0,
    "cursed": 0,
    "location": 0,
    "iconFile": 0,
    "accIcon": 0,
    "mainImage": 1,
    "notuck": 1,
    "pregType": 0
  },
  {
    "index": 35,
    "author": "稻谷",
    "name": "zhanpao",
    "name_cap": "Zhanpao",
    "cn_name_cap": "圣诞战袍",
    "variable": "zhanpao",
    "integrity_max": 100,
    "integrity": 100,
    "fabric_strength": 15,
    "reveal": 900,
    "rearresize": 0,
    "word": "a",
    "one_piece": 0,
    "skirt": 0,
    "skirt_down": 0,
    "short": 0,
    "state_base": "thighs",
    "state": "thighs",
    "plural": 0,
    "colour": 0,
    "colour_options": [],
    "colour_sidebar": 0,
    "colour_combat": 0,
    "exposed_base": 0,
    "exposed": 0,
    "vagina_exposed_base": 0,
    "vagina_exposed": 0,
    "anus_exposed_base": 0,
    "anus_exposed": 0,
    "type": ["cool", "dance", "fetish", "sleep"],
    "set": "lower",
    "gender": "f",
    "femininity": 300,
    "warmth": 6,
    "cost": 5000,
    "description": "非常暖和的裤子！",
    "shop": ["clothing", "adult", "forest"],
    "accessory": 0,
    "accessory_integrity_img": 0,
    "accessory_colour": 0,
    "accessory_colour_options": [],
    "accessory_colour_sidebar": 0,
    "accessory_colour_combat": 0,
    "back_img": 0,
    "cursed": 0,
    "location": 0,
    "iconFile": 0,
    "accIcon": 0,
    "mainImage": 1
  },
  {
    "index": 36,
    "author": "稻谷",
    "name": "piyi",
    "name_cap": "Piyi",
    "cn_name_cap": "恶魔姐妹的衣服",
    "variable": "piyi",
    "integrity_max": 100,
    "integrity": 100,
    "fabric_strength": 15,
    "reveal": 900,
    "bustresize": 0,
    "word": "a",
    "one_piece": 1,
    "strap": 0,
    "open": 0,
    "state_top_base": "neck",
    "state_base": "thighs",
    "state_top": "neck",
    "state": "thighs",
    "plural": 0,
    "colour": 0,
    "colour_options": [],
    "colour_sidebar": 0,
    "colour_combat": 0,
    "exposed_base": 0,
    "exposed": 0,
    "type": ["cool", "dance"],
    "set": "piyi",
    "gender": "f",
    "femininity": 300,
    "warmth": 0,
    "cost": 5000,
    "description": "吊带袜天使！",
    "shop": ["clothing", "forest"],
    "accessory": 0,
    "accessory_integrity_img": 0,
    "accessory_colour": 0,
    "accessory_colour_options": [],
    "accessory_colour_sidebar": 0,
    "accessory_colour_combat": 0,
    "sleeve_img": 1,
    "sleeve_acc_img": 0,
    "breast_img": 1,
    "breast_acc_img": 0,
    "has_collar": 0,
    "cursed": 0,
    "location": 0,
    "iconFile": 0,
    "accIcon": 0,
    "mainImage": 1,
    "outfitPrimary": {
      "lower": "piyi bottom"},
    "notuck": 1,
    "pregType": 0
  },
  {
    "index": 37,
    "author": "米雪",
    "name": "strawberry cream upper",
    "name_cap": "Strawberry cream upper",
    "cn_name_cap": "立领真空内衣",
    "variable": "strawberrycream",
    "integrity": 100,
    "integrity_max": 100,
    "fabric_strength": 15,
    "reveal": 750,
    "bustresize": 0,
    "word": "a",
    "one_piece": 1,
    "strap": 0,
    "open": 0,
    "state": "waist",
    "state_base": "waist",
    "state_top": "chest",
    "state_top_base": "chest",
    "plural": 1,
    "colour": 0,
    "colour_options": 0,
    "colour_sidebar": 0,
    "exposed": 0,
    "exposed_base": 0,
    "type": ["serving", "fetish", "dark","bimbo","bellyShow"],
    "set": "strawberrycream",
    "gender": "f",
    "femininity": 300,
    "warmth": 5,
    "cost": 10000,
    "description": "就像草莓奶油一样甜美。",
    "shop": ["adult","clothing"],
    "accessory": 0,
    "accessory_colour": 0,
    "accessory_colour_options": [],
    "sleeve_img": 0,
    "breast_img": 1,
    "cursed": 0,
    "location": 0,
    "iconFile": 0,
    "accIcon": 0,
    "outfitPrimary": { "lower": "cream lower" },
    "mainImage": 1,
    "notuck": 1,
    "pregType": 0
  },
  {
    "index":38,
    "author": "黑玉",
    "name": "equestrian clothing",
    "name_cap": "Equestrian clothing",
    "cn_name_cap": "马术装",
    "variable": "equestrianclothing",
    "integrity_max": 900,
    "integrity": 900,
    "fabric_strength": 500,
    "reveal": 200,
    "bustresize": 0,
    "word": "a",
    "one_piece": 1,
    "strap": 0,
    "open": 0,
    "state_top_base": "chest",
    "state_base": "waist",
    "state_top": "chest",
    "state": "waist",
    "plural": 0,
    "colour": 0,
    "colour_options": [],
    "colour_sidebar": 0,
    "colour_combat": 0,
    "exposed_base": 0,
    "exposed": 0,
    "type": ["formal", "chest_bind", "riding", "athletic","hidden"],
    "set": "equestrianclothing",
    "gender": "m",
    "femininity": -200,
    "warmth": 3,
    "cost": 5000,
    "description": "一件雷米看了都说赞的衣服",
    "shop": ["clothing", "forest"],
    "accessory": 0,
    "accessory_integrity_img": 0,
    "accessory_colour": 0,
    "accessory_colour_options": [],
    "accessory_colour_sidebar": 0,
    "accessory_colour_combat": 0,
    "sleeve_img": 1,
    "sleeve_acc_img": 0,
    "breast_img": 0,
    "breast_acc_img": 0,
    "has_collar": 0,
    "cursed": 0,
    "location": 0,
    "iconFile": "equestrian_clothing.png",
    "accIcon": 0,
    "mainImage": 1,
    "outfitPrimary": {
      "lower": "equestrian clothing bottom"},
    "notuck": 1,
    "pregType": 0
  },
  {
    "index": 39,
    "author": "稻谷",
    "name": "pink",
    "name_cap": "pink",
    "cn_name_cap": "粉色襦裙",
    "variable": "pink",
    "integrity_max": 200,
    "integrity": 200,
    "fabric_strength": 50,
    "reveal": 200,
    "bustresize": 0,
    "word": "a",
    "one_piece": 1,
    "strap": 0,
    "open": 0,
    "state_top_base": "neck",
    "state_base": "waist",
    "state_top": "neck",
    "state": "waist",
    "plural": 0,
    "colour": 0,
    "colour_options": [],
    "colour_combat": "white",
    "exposed_base": 0,
    "exposed": 0,
    "type": ["normal","formal","dance"],
    "set": "pink upper",
    "gender": "f",
    "femininity": 200,
    "warmth": 4,
    "cost": 5000,
    "description": "桃之夭夭。",
    "shop": ["clothing"],
    "accessory": 0,
    "accessory_colour": 0,
    "accessory_colour_options": [],
    "sleeve_img": 1,
    "breast_img": 0,
    "cursed": 0,
    "location": 0,
    "iconFile": 0,
    "accIcon": 0,
    "outfitPrimary": {
      "lower": "pink bottom"},
    "notuck": 0,
    "pregType": 0
  },
  {
    "index": 40,
    "author": "头头",
    "name": "xingxingdiaodai",
    "name_cap": "Xingxingdiaodai",
    "cn_name_cap": "星星露脐吊带",
    "variable": "xingxingdiaodai",
    "integrity_max": 50,
    "integrity": 50,
    "fabric_strength": 20,
    "reveal": 200,
    "bustresize": 0,
    "word": "a",
    "one_piece": 0,
    "strap": 0,
    "open": 1,
    "state_top_base": "chest",
    "state_base": "midriff",
    "state_top": "chest",
    "state": "midriff",
    "plural": 0,
    "colour": 0,
    "colour_options": ["black", "blue", "brown", "green", "pink", "purple", "red", "tangerine", "teal", "white", "yellow", "custom"],
    "colour_sidebar": 1,
    "colour_combat": 0,
    "exposed_base": 0,
    "exposed": 0,
    "type": ["normal", "cool"],
    "set": "upper",
    "gender": "n",
    "femininity": 0,
    "warmth": 1,
    "cost": 20000,
    "description": "亚亚的",
    "shop": ["clothing", "school", "adult", "forest"],
    "accessory": 0,
    "accessory_integrity_img": 0,
    "accessory_colour": 0,
    "accessory_colour_options": [],
    "accessory_colour_sidebar": 0,
    "accessory_colour_combat": 0,
    "sleeve_img": 0,
    "sleeve_acc_img": 0,
    "breast_img": 1,
    "breast_acc_img": 0,
    "has_collar": 0,
    "cursed": 0,
    "location": 0,
    "iconFile": "xingxingdiaodai.png",
    "accIcon": 0,
    "mainImage": 1,
    "notuck": 0,
    "pregType": 0
  },
  {
    "index": 41,
    "author": "叶斯",
    "name": "ruquny",
    "name_cap": "ruquny",
    "cn_name_cap": "襦裙",
    "variable": "ruquny",
    "integrity_max": 500,
    "integrity": 500,
    "fabric_strength": 50,
    "reveal": 200,
    "bustresize": 0,
    "word": "a",
    "one_piece": 1,
    "strap": 0,
    "open": 0,
    "state_top_base": "neck",
    "state_base": "waist",
    "state_top": "neck",
    "state": "waist",
    "plural": 0,
    "colour": 0,
    "colour_options": [],
    "colour_combat": "white",
    "exposed_base": 0,
    "exposed": 0,
    "type": ["school", "rainproof", "shade", "athletic"],
    "set": "ruquny",
    "gender": "f",
    "femininity": 200,
    "warmth": 4,
    "cost": 5000,
    "description": "一条襦裙上装（但没有画差分。",
    "shop": ["clothing", "forest"],
    "accessory": 0,
    "accessory_colour": 0,
    "accessory_colour_options": [],
    "sleeve_img": 1,
    "breast_img": 1,
    "cursed": 0,
    "location": 0,
    "iconFile": "ruquny.png",
    "accIcon": 0,
    "outfitPrimary": {
      "lower": "ruquny bottom"},
    "notuck": 0,
    "pregType": 0
  },
  {
    "index": 42,
    "author": "叶斯",
    "name": "xinnian",
    "name_cap": "Xinnian",
    "cn_name_cap": "新年上装",
    "variable": "xinnian",
    "integrity_max": 500,
    "integrity": 500,
    "fabric_strength": 30,
    "reveal": 200,
    "bustresize": 0,
    "word": "a",
    "one_piece": 1,
    "strap": 0,
    "open": 0,
    "state_top_base": "neck",
    "state_base": "waist",
    "state_top": "neck",
    "state": "waist",
    "plural": 0,
    "colour": 0,
    "colour_options": [],
    "colour_sidebar": 0,
    "colour_combat": 0,
    "exposed_base": 0,
    "exposed": 0,
    "type": ["normal", "formal", "costume", "serving", "chest_bind", "shade", "bellyHide"],
    "set": "xinnian",
    "gender": "f",
    "femininity": 100,
    "warmth": 3,
    "cost": 5000,
    "description": "迎接新年的衣服！要穿暖和哦",
    "shop": ["clothing", "forest"],
    "accessory": 0,
    "accessory_colour": 0,
    "accessory_colour_options": [],
    "accessory_colour_sidebar": 0,
    "accessory_colour_combat": 0,
    "sleeve_img": 1,
    "sleeve_acc_img": 0,
    "breast_img": 1,
    "breast_acc_img": 0,
    "penis_img": 0,
    "iconFile": "xinnian.png",
    "location": 0,
    "mainImage": 1,
    "leftImage": 1,
    "rightImage": 1,
    "outfitPrimary": {
      "lower": "xinnian bottom"},
    "notuck": 1,
    "pregType": 0
  },
  {
    "index": 43,
    "author": "叶斯",
    "name": "Traditional maid dress",
    "name_cap": "Traditional maid dress",
    "cn_name_cap": "传统女仆上装",
    "variable": "Traditionalmaiddress",
    "integrity_max": 500,
    "integrity": 500,
    "fabric_strength": 40,
    "reveal": 50,
    "bustresize": 0,
    "word": "a",
    "one_piece": 1,
    "strap": 0,
    "open": 0,
    "state_top_base": "neck",
    "state_base": "waist",
    "state_top": "neck",
    "state": "waist",
    "plural": 0,
    "colour": 0,
    "colour_options": [],
    "colour_sidebar": 0,
    "colour_combat": 0,
    "exposed_base": 0,
    "exposed": 0,
    "type": ["normal", "formal", "costume", "serving", "chest_bind", "shade", "maid", "bellyHide"],
    "set": "Traditionalmaiddress",
    "gender": "f",
    "femininity": 100,
    "warmth": 3,
    "cost": 5000,
    "description": "维多利亚时期女仆装，适合做家务",
    "shop": ["clothing", "forest"],
    "accessory": 0,
    "accessory_colour": 0,
    "accessory_colour_options": [],
    "accessory_colour_sidebar": 0,
    "accessory_colour_combat": 0,
    "sleeve_img": 1,
    "sleeve_acc_img": 0,
    "breast_img": 1,
    "breast_acc_img": 0,
    "penis_img": 0,
    "location": 0,
    "mainImage": 1,
    "leftImage": 1,
    "rightImage": 1,
    "notuck": 1,
    "pregType": 0,
    "outfitPrimary": {
      "lower": "Traditional maid dress bottom"},
    "iconFile": "Traditional maid dress.png"
  },
  {
    "index": 44,
    "author": "叶斯",
    "name": "lianlian",
    "name_cap": "Lianlian",
    "cn_name_cap": "cos用莲莲上衣",
    "variable": "lianlian",
    "integrity_max": 900,
    "integrity": 900,
    "fabric_strength": 100,
    "reveal": 50,
    "bustresize": 0,
    "word": "a",
    "one_piece": 1,
    "strap": 0,
    "open": 0,
    "state_top_base": "neck",
    "state_base": "waist",
    "state_top": "neck",
    "state": "waist",
    "plural": 0,
    "colour": 0,
    "colour_options": [],
    "colour_sidebar": 0,
    "colour_combat": 0,
    "exposed_base": 0,
    "exposed": 0,
    "type": ["school", "rainproof", "shade", "athletic"],
    "set": "lianlian",
    "gender": "f",
    "femininity": 100,
    "warmth": 3,
    "cost": 5000,
    "description": "来自异世界的服饰，现用于cosplay，穿上之后仿佛浑身充满了帕瓦~",
    "shop": ["clothing"],
    "accessory": 0,
    "accessory_colour": 0,
    "accessory_colour_options": [],
    "sleeve_img": 1,
    "breast_img": 1,
    "location": 0,
    "notuck": 1,
    "pregType": 0,
    "iconFile": "lianlian.png",
    "outfitPrimary": {
      "lower": "lianlian bottom"}
  },
  {
    "index": 45,
    "author": "小企",
    "name": "senxishangyi",
    "name_cap": "Senxishangyi",
    "cn_name_cap": "森系上衣",
    "variable": "senxishangyi",
    "integrity_max": 500,
    "integrity": 500,
    "fabric_strength": 30,
    "reveal": 300,
    "bustresize": 0,
    "word": "a",
    "one_piece": 0,
    "strap": 0,
    "open": 0,
    "state_top_base": "neck",
    "state_base": "waist",
    "state_top": "neck",
    "state": "waist",
    "plural": 0,
    "colour": 0,
    "colour_options": ["black", "blue", "brown", "green", "pink", "purple", "red", "tangerine", "teal", "white", "yellow", "custom"],
    "colour_sidebar": 1,
    "colour_combat": 0,
    "exposed_base": 0,
    "exposed": 0,
    "type": ["normal", "bellyHide"],
    "set": "upper",
    "gender": "f",
    "femininity": 100,
    "warmth": 3,
    "cost": 5000,
    "description": "温暖可爱的春秋季毛衣外套穿搭。",
    "shop": ["clothing"],
    "accessory": 1,
    "accessory_integrity_img": 0,
    "accessory_colour": 1,
    "accessory_colour_options": ["black", "blue", "brown", "green", "pink", "purple", "red", "tangerine", "teal", "white", "yellow", "custom"],
    "accessory_colour_sidebar": 1,
    "accessory_colour_combat": 0,
    "sleeve_img": 1,
    "sleeve_acc_img": 0,
    "breast_img": 1,
    "breast_acc_img": 0,
    "has_collar": 0,
    "cursed": 0,
    "location": 0,
    "iconFile": "senxishangyi.png",
    "accIcon": 0,
    "mainImage": 1,
    "notuck": 1,
    "pregType": 0
  },
  {
    "index": 666,
    "author": "陆舟",
    "name": "meimo",
    "name_cap": "meimo",
    "cn_name_cap": "魅魔",
    "variable": "meimo",
    "integrity_max": 900,
    "integrity": 900,
    "fabric_strength": 1000,
    "reveal": 900,
    "bustresize": 0,
    "word": "a",
    "one_piece": 1,
    "strap": 0,
    "open": 0,
    "state_top_base": "chest",
    "state_base": "ankles",
    "state_top": "chest",
    "state": "ankles",
    "plural": 0,
    "colour": 0,
    "colour_options": [],
    "colour_sidebar": 0,
    "colour_combat": 0,
    "exposed_base": 0,
    "exposed": 0,
    "type": ["normal", "mask", "fetish", "dark", "rainproof"],
    "set": "meimo",
    "gender": "f",
    "femininity": 100,
    "warmth": 1,
    "cost": 500,
    "description": "客人，欢迎你来到极乐的国度。",
    "shop": ["clothing", "school", "adult", "forest"],
    "shopGroup": "meimo",
    "accessory": 0,
    "accessory_integrity_img": 0,
    "accessory_colour": 0,
    "accessory_colour_options": [],
    "accessory_colour_sidebar": 0,
    "accessory_colour_combat": 0,
    "sleeve_img": 0,
    "sleeve_acc_img": 0,
    "breast_img": 1,
    "breast_acc_img": 0,
    "has_collar": 0,
    "cursed": 0,
    "location": 0,
    "iconFile": 0,
    "accIcon": 0,
    "mainImage": 1,
    "outfitPrimary": {
      "lower":"meimo lower"},
    "notuck": 1,
    "pregType": 0
  },
  {
    "index": 666,
    "author": "陆舟",
    "name": "meimo2",
    "name_cap": "meimo2",
    "cn_name_cap": "魅魔(无尾)",
    "variable": "meimo2",
    "integrity_max": 900,
    "integrity": 900,
    "fabric_strength": 1000,
    "reveal": 900,
    "bustresize": 0,
    "word": "a",
    "one_piece": 1,
    "strap": 0,
    "open": 0,
    "state_top_base": "chest",
    "state_base": "ankles",
    "state_top": "chest",
    "state": "ankles",
    "plural": 0,
    "colour": 0,
    "colour_options": [],
    "colour_sidebar": 0,
    "colour_combat": 0,
    "exposed_base": 0,
    "exposed": 0,
    "type": ["normal", "mask", "fetish", "dark", "rainproof"],
    "set": "meimo",
    "gender": "f",
    "femininity": 100,
    "warmth": 1,
    "cost": 500,
    "description": "客人，欢迎你来到极乐的国度。",
    "shop": ["clothing", "school", "adult", "forest"],
    "shopGroup": "meimo",
    "accessory": 0,
    "accessory_integrity_img": 0,
    "accessory_colour": 0,
    "accessory_colour_options": [],
    "accessory_colour_sidebar": 0,
    "accessory_colour_combat": 0,
    "sleeve_img": 0,
    "sleeve_acc_img": 0,
    "breast_img": 1,
    "breast_acc_img": 0,
    "has_collar": 0,
    "cursed": 0,
    "location": 0,
    "iconFile": 0,
    "accIcon": 0,
    "mainImage": 1,
    "outfitPrimary": {
      "lower":"meimo lowernd"},
    "notuck": 1,
    "pregType": 0
  },
  {
    "index": 46,
    "author": "黑玉",
    "name": "Idia Suitor Suit",
    "name_cap": "Idia Suitor Suit",
    "cn_name_cap": "Idia新郎服",
    "variable": "IdiaSuitorSuit",
    "integrity_max": 900,
    "integrity": 900,
    "fabric_strength": 500,
    "reveal": 200,
    "bustresize": 0,
    "word": "a",
    "one_piece": 1,
    "strap": 0,
    "open": 0,
    "state_top_base": "chest",
    "state_base": "waist",
    "state_top": "chest",
    "state": "waist",
    "plural": 0,
    "colour": 0,
    "colour_options": [],
    "colour_sidebar": 0,
    "colour_combat": 0,
    "exposed_base": 0,
    "exposed": 0,
    "type": ["formal", "cool", "dance", "costume", "chest_bind"],
    "set": "IdiaSuitorSuit",
    "gender": "m",
    "femininity": -200,
    "warmth": 3,
    "cost": 5000,
    "description": "为迪扭的Idia的活动服装",
    "shop": ["clothing", "forest"],
    "accessory": 1,
    "accessory_integrity_img": 0,
    "accessory_colour": 0,
    "accessory_colour_options": [],
    "accessory_colour_sidebar": 0,
    "accessory_colour_combat": 0,
    "sleeve_img": 1,
    "sleeve_acc_img": 0,
    "breast_img": 0,
    "breast_acc_img": 0,
    "has_collar": 0,
    "cursed": 0,
    "location": 0,
    "iconFile": "Idia_Suitor_Suit.png",
    "accIcon": 0,
    "mainImage": 1,
    "outfitPrimary": {
      "lower": "Idia Suitor Suit bottom"},
    "notuck": 1,
    "pregType": 0
  },
  {
    "index": 47,
    "author": "黑玉",
    "name": "believer clothes",
    "name_cap": "Believer clothes",
    "cn_name_cap": "信徒服",
    "variable": "believerclothes",
    "integrity_max": 500,
    "integrity": 500,
    "fabric_strength": 100,
    "reveal": 200,
    "bustresize": 0,
    "word": "a",
    "one_piece": 1,
    "strap": 0,
    "open": 0,
    "state_top_base": "chest",
    "state_base": "waist",
    "state_top": "chest",
    "state": "waist",
    "plural": 0,
    "colour": 0,
    "colour_options": [],
    "colour_sidebar": 0,
    "colour_combat": 0,
    "exposed_base": 0,
    "exposed": 0,
    "type": ["formal", "holy", "chest_bind"],
    "set": "believerclothes",
    "gender": "m",
    "femininity": -200,
    "warmth": 3,
    "cost": 5000,
    "description": "一件适合参与神殿活动的衣服",
    "shop": ["clothing", "forest"],
    "accessory": 1,
    "accessory_integrity_img": 0,
    "accessory_colour": 0,
    "accessory_colour_options": [],
    "accessory_colour_sidebar": 0,
    "accessory_colour_combat": 0,
    "sleeve_img": 1,
    "sleeve_acc_img": 0,
    "breast_img": 0,
    "breast_acc_img": 0,
    "has_collar": 0,
    "cursed": 0,
    "location": 0,
    "iconFile": "believer_clothes.png",
    "accIcon": 0,
    "mainImage": 1,
    "outfitPrimary": {
      "lower": "believer clothes bottom"},
    "notuck": 1,
    "pregType": 0
  },
  {
    "index": 48,
    "author": "黑玉",
    "name": "Christmas dinner clothes",
    "name_cap": "Christmas dinner clothes",
    "cn_name_cap": "圣诞晚宴服",
    "variable": "Christmasdinnerclothes",
    "integrity_max": 500,
    "integrity": 500,
    "fabric_strength": 100,
    "reveal": 300,
    "bustresize": 0,
    "word": "a",
    "one_piece": 1,
    "strap": 0,
    "open": 0,
    "state_top_base": "chest",
    "state_base": "waist",
    "state_top": "chest",
    "state": "waist",
    "plural": 0,
    "colour": 0,
    "colour_options": [],
    "colour_sidebar": 0,
    "colour_combat": 0,
    "exposed_base": 0,
    "exposed": 0,
    "type": ["formal", "cool", "costume", "holy", "chest_bind", "bellyHide"],
    "set": "Christmasdinnerclothes",
    "gender": "m",
    "femininity": -200,
    "warmth": 3,
    "cost": 5000,
    "description": "一件适合参加圣诞活动的衣服",
    "shop": ["clothing", "forest"],
    "accessory": 0,
    "accessory_integrity_img": 0,
    "accessory_colour": 0,
    "accessory_colour_options": [],
    "accessory_colour_sidebar": 0,
    "accessory_colour_combat": 0,
    "sleeve_img": 1,
    "sleeve_acc_img": 0,
    "breast_img": 0,
    "breast_acc_img": 0,
    "has_collar": 0,
    "cursed": 0,
    "location": 0,
    "iconFile": "Christmas_dinner_clothes.png",
    "accIcon": 0,
    "mainImage": 1,
    "outfitPrimary": {
      "lower": "Christmas dinner clothes bottom"},
    "notuck": 1,
    "pregType": 0
  },
  {
    "index": 49,
    "author": "黑玉",
    "name": "Ordinary Christmas suites",
    "name_cap": "Ordinary Christmas suites",
    "cn_name_cap": "普通的圣诞晚宴服",
    "variable": "OrdinaryChristmassuites",
    "integrity_max": 500,
    "integrity": 500,
    "fabric_strength": 100,
    "reveal": 300,
    "bustresize": 0,
    "word": "a",
    "one_piece": 1,
    "strap": 0,
    "open": 0,
    "state_top_base": "chest",
    "state_base": "waist",
    "state_top": "chest",
    "state": "waist",
    "plural": 0,
    "colour": 0,
    "colour_options": [],
    "colour_sidebar": 0,
    "colour_combat": 0,
    "exposed_base": 0,
    "exposed": 0,
    "type": ["formal", "cool", "costume", "holy", "chest_bind", "bellyHide"],
    "set": "OrdinaryChristmassuites",
    "gender": "m",
    "femininity": -200,
    "warmth": 3,
    "cost": 5000,
    "description": "一件适合参加圣诞活动的衣服",
    "shop": ["clothing", "forest"],
    "accessory": 0,
    "accessory_integrity_img": 0,
    "accessory_colour": 0,
    "accessory_colour_options": [],
    "accessory_colour_sidebar": 0,
    "accessory_colour_combat": 0,
    "sleeve_img": 1,
    "sleeve_acc_img": 0,
    "breast_img": 0,
    "breast_acc_img": 0,
    "has_collar": 0,
    "cursed": 0,
    "location": 0,
    "iconFile": "Ordinary_Christmas_suites.png",
    "accIcon": 0,
    "mainImage": 1,
    "outfitPrimary": {
      "lower": "Ordinary Christmas suites bottom"},
    "notuck": 1,
    "pregType": 0
  },
  {
    "index": 50,
    "author": "稻谷",
    "name": "lianlian",
    "name_cap": "Lianlian",
    "cn_name_cap": "恋恋的裙子",
    "variable": "lianlian",
    "integrity_max": 100,
    "integrity": 100,
    "fabric_strength": 30,
    "reveal": 200,
    "bustresize": 0,
    "word": "a",
    "one_piece": 1,
    "strap": 0,
    "open": 0,
    "state_top_base": "neck",
    "state_base": "thighs",
    "state_top": "neck",
    "state": "thighs",
    "plural": 0,
    "colour": 0,
    "colour_options": [],
    "colour_sidebar": 0,
    "colour_combat": 0,
    "exposed_base": 0,
    "exposed": 0,
    "type": ["costume", "esoteric"],
    "set": "lianlian",
    "gender": "f",
    "femininity": 100,
    "warmth": 3,
    "cost": 5000,
    "description": "恋恋的裙子",
    "shop": ["clothing", "school", "forest"],
    "accessory": 0,
    "accessory_integrity_img": 0,
    "accessory_colour": 0,
    "accessory_colour_options": [],
    "accessory_colour_sidebar": 0,
    "accessory_colour_combat": 0,
    "sleeve_img": 1,
    "sleeve_acc_img": 0,
    "breast_img": 0,
    "breast_acc_img": 0,
    "has_collar": 0,
    "cursed": 0,
    "location": 0,
    "iconFile": 0,
    "accIcon": 0,
    "mainImage": 1,
    "outfitPrimary": {
      "lower": "lianlian bottom"},
    "notuck": 1,
    "pregType": 0
  },
  {
    "index": 51,
    "author": "稻谷",
    "name": "green",
    "name_cap": "Green",
    "cn_name_cap": "绿色短旗袍",
    "variable": "green",
    "integrity_max": 100,
    "integrity": 100,
    "fabric_strength": 15,
    "reveal": 500,
    "bustresize": 0,
    "word": "a",
    "one_piece": 0,
    "strap": 0,
    "open": 0,
    "state_top_base": "neck",
    "state_base": "knees",
    "state_top": "neck",
    "state": "knees",
    "plural": 0,
    "colour": 0,
    "colour_options": [],
    "colour_sidebar": 0,
    "colour_combat": 0,
    "exposed_base": 0,
    "exposed": 0,
    "type": ["formal", "serving", "pushup"],
    "set": "upper",
    "gender": "f",
    "femininity": 200,
    "warmth": 1,
    "cost": 5000,
    "description": "丝绸的绿色短旗袍，记得穿上安全裤哦",
    "shop": ["clothing", "adult", "forest"],
    "accessory": 0,
    "accessory_integrity_img": 0,
    "accessory_colour": 0,
    "accessory_colour_options": [],
    "accessory_colour_sidebar": 0,
    "accessory_colour_combat": 0,
    "sleeve_img": 0,
    "sleeve_acc_img": 0,
    "breast_img": 1,
    "breast_acc_img": 0,
    "has_collar": 0,
    "cursed": 0,
    "location": 0,
    "iconFile": 0,
    "accIcon": 0,
    "mainImage": 1,
    "notuck": 1,
    "pregType": 0
  },
  {
    "index": 52,
    "author": "稻谷",
    "name": "evil",
    "name_cap": "Evil",
    "cn_name_cap": "红色短裙",
    "variable": "evil",
    "integrity_max": 100,
    "integrity": 100,
    "fabric_strength": 30,
    "reveal": 200,
    "bustresize": 0,
    "word": "a",
    "one_piece": 0,
    "strap": 0,
    "open": 0,
    "state_top_base": "neck",
    "state_base": "thighs",
    "state_top": "neck",
    "state": "thighs",
    "plural": 0,
    "colour": 0,
    "colour_options": [],
    "colour_sidebar": 0,
    "colour_combat": 0,
    "exposed_base": 0,
    "exposed": 0,
    "type": ["costume", "dark", "esoteric"],
    "set": "upper",
    "gender": "f",
    "femininity": 100,
    "warmth": 3,
    "cost": 5000,
    "description": "红色的恶魔礼服",
    "shop": ["clothing", "school", "forest"],
    "accessory": 0,
    "accessory_integrity_img": 0,
    "accessory_colour": 0,
    "accessory_colour_options": [],
    "accessory_colour_sidebar": 0,
    "accessory_colour_combat": 0,
    "sleeve_img": 0,
    "sleeve_acc_img": 0,
    "breast_img": 1,
    "breast_acc_img": 0,
    "has_collar": 0,
    "cursed": 0,
    "location": 0,
    "iconFile": 0,
    "accIcon": 0,
    "mainImage": 1,
    "notuck": 1,
    "pregType": 0
  },
  {
    "index": 53,
    "author": "稻谷",
    "name": "shayi",
    "name_cap": "Shayi",
    "cn_name_cap": "白色纱裙",
    "variable": "shayi",
    "integrity_max": 100,
    "integrity": 100,
    "fabric_strength": 100,
    "reveal": 200,
    "bustresize": 0,
    "word": "a",
    "one_piece": 0,
    "strap": 0,
    "open": 0,
    "state_top_base": "neck",
    "state_base": "ankles",
    "state_top": "neck",
    "state": "ankles",
    "plural": 0,
    "colour": 0,
    "colour_options": [],
    "colour_sidebar": 0,
    "colour_combat": 0,
    "exposed_base": 0,
    "exposed": 0,
    "type": ["formal", "dance", "holy", "esoteric"],
    "set": "upper",
    "gender": "f",
    "femininity": 100,
    "warmth": 3,
    "cost": 5000,
    "description": "神圣的白色长裙，或许穿上它，你就是天使？",
    "shop": ["clothing", "forest"],
    "accessory": 0,
    "accessory_integrity_img": 0,
    "accessory_colour": 0,
    "accessory_colour_options": [],
    "accessory_colour_sidebar": 0,
    "accessory_colour_combat": 0,
    "sleeve_img": 1,
    "sleeve_acc_img": 0,
    "breast_img": 1,
    "breast_acc_img": 0,
    "has_collar": 0,
    "cursed": 0,
    "location": 0,
    "iconFile": 0,
    "accIcon": 0,
    "mainImage": 1,
    "notuck": 1,
    "pregType": 0
  },
  {
    "index": 54,
    "author": "稻谷",
    "name": "feiya",
    "name_cap": "feiya",
    "cn_name_cap": "菲亚的长裙",
    "variable": "feiya",
    "integrity_max": 100,
    "integrity": 100,
    "fabric_strength": 20,
    "reveal": 200,
    "bustresize": 0,
    "word": "a",
    "one_piece": 1,
    "strap": 0,
    "open": 0,
    "state_top_base": "neck",
    "state_base": "ankles",
    "state_top": "neck",
    "state": "ankles",
    "plural": 0,
    "colour": 0,
    "colour_options": [],
    "colour_combat": 0,
    "exposed_base": 0,
    "exposed": 0,
    "type": ["formal", "dance", "holy"],
    "set": "feiya",
    "gender": "f",
    "femininity": 100,
    "warmth": 3,
    "cost": 5000,
    "description": "菲亚的长裙，穿上之后会吸引到巨龙吗？",
    "shop": ["clothing", "adult", "forest"],
    "accessory": 0,
    "accessory_colour": 0,
    "accessory_colour_options": [],
    "sleeve_img": 1,
    "breast_img": 0,
    "cursed": 0,
    "location": 0,
    "iconFile": 0,
    "accIcon": 0,
    "outfitPrimary": {"lower": "feiya1"},
    "notuck": 0,
    "pregType": 0
  }
]