 [
    {
        "index": 1,
        "author": "miyako4828&Fibonacci",
        "name": "pinkshirt_Fibonacci",
        "name_cap": "Pinkshirt Fibonacci",
        "cn_name_cap": "印花衬衫 Fibonacci",
        "variable": "pinkshirt_Fibonacci",
        "integrity_max": 500,
        "integrity": 500,
        "fabric_strength": 30,
        "reveal": 50,
        "bustresize": 0,
        "word": "a",
        "one_piece": 1,
        "strap": 0,
        "open": 0,
        "state_top_base": "chest",
        "state_base": "waist",
        "state_top": "chest",
        "state": "waist",
        "plural": 0,
        "colour": 0,
        "colour_options": [],
        "colour_sidebar": 0,
        "colour_combat": 0,
        "exposed_base": 0,
        "exposed": 0,
        "type": ["normal", "school"],
        "set": "pinkshirt_Fibonacci", 
        "gender": "n",
        "femininity": 0,
        "warmth": 1,
        "cost": 1000,
        "description": "棉质衬衫，令人舒适。",
        "shop": ["clothing", "school"],
        "accessory": 0,
        "accessory_colour": 0,
        "accessory_colour_options": [],
        "accessory_colour_sidebar": 0,
        "accessory_colour_combat": 0,
        "sleeve_img": 1,
        "sleeve_acc_img": 0,
        "breast_img": 1,
        "breast_acc_img": 0,
        "cursed": 0,
		"location": 0,
		"iconFile": "pinkshirt_Fibonacci_icon.png",
		"accIcon": 0,
		"notuck": 0,
		"pregType": 0

    }
]