{
  "name": "hikari-male-sideview-only",
  "version": "1.0.0",
  "styleFileList": [],
  "scriptFileList": [],
  "tweeFileList": [],
  "additionFile": [
    "img/background only.rar",
    "img/My edited male and female bodies.rar",
    "img/raf.PNG",
    "img/raf2.PNG",
    "img/raf3.PNG",
    "img/raf4.PNG",
    "img/raf5.PNG",
    "img/raf6.PNG",
    "img/yuh.PNG",
    "img/yuhh.PNG"
  ],
  "imgFileList": [
    "img/body/basehead.png",
    "img/body/cum/Face 1,2.png",
    "img/body/cum/Face 3,4.png",
    "img/body/cum/Face 5.png",
    "img/clothes/face/skele/full.png",
    "img/clothes/neck/lacechoker/full.png",
    "img/clothes/neck/lacechoker/full_gray.png",
    "img/face/default/blush1.png",
    "img/face/default/blush2.png",
    "img/face/default/blush3.png",
    "img/face/default/blush4.png",
    "img/face/default/blush5.png",
    "img/face/default/browlow.png",
    "img/face/default/browmid.png",
    "img/face/default/broworgasm.png",
    "img/face/default/browtop.png",
    "img/face/default/eyelids.png",
    "img/face/default/eyelids_halfclosed.png",
    "img/face/default/freckles.png",
    "img/face/default/irisempty_halfclosed_left.png",
    "img/face/default/irisempty_halfclosed_right.png",
    "img/face/default/irisempty_left.png",
    "img/face/default/irisempty_right.png",
    "img/face/default/iris_halfclosed_left.png",
    "img/face/default/iris_halfclosed_right.png",
    "img/face/default/iris_left.png",
    "img/face/default/iris_right.png",
    "img/face/default/lashes.png",
    "img/face/default/lashes_halfclosed.png",
    "img/face/default/mouthcry.png",
    "img/face/default/mouthfrown.png",
    "img/face/default/mouthneutral.png",
    "img/face/default/mouthsmile.png",
    "img/face/default/sclera.png",
    "img/face/default/sclerabloodshot.png",
    "img/face/default/tear1.png",
    "img/face/default/tear2.png",
    "img/face/default/tear3.png",
    "img/face/default/tear4.png",
    "img/hair/fringe/default/chest.png",
    "img/hair/fringe/default/feet.png",
    "img/hair/fringe/default/navel.png",
    "img/hair/fringe/default/short.png",
    "img/hair/fringe/default/shoulder.png",
    "img/hair/fringe/default/thighs.png",
    "img/hair/fringe/dread bun/chest.png",
    "img/hair/fringe/dread bun/feet.png",
    "img/hair/fringe/dread bun/navel.png",
    "img/hair/fringe/dread bun/short.png",
    "img/hair/fringe/dread bun/shoulder.png",
    "img/hair/fringe/dread bun/thighs.png",
    "img/hair/fringe/straight curl/chest.png",
    "img/hair/fringe/straight curl/feet.png",
    "img/hair/fringe/straight curl/navel.png",
    "img/hair/fringe/straight curl/short.png",
    "img/hair/fringe/straight curl/shoulder.png",
    "img/hair/fringe/straight curl/thighs.png",
    "img/hair/fringe/trident/chest.png",
    "img/hair/fringe/trident/feet.png",
    "img/hair/fringe/trident/navel.png",
    "img/hair/fringe/trident/short.png",
    "img/hair/fringe/trident/shoulder.png",
    "img/hair/fringe/trident/thighs.png",
    "img/hair/sides/default/chest.png",
    "img/hair/sides/default/feet.png",
    "img/hair/sides/default/navel.png",
    "img/hair/sides/default/short.png",
    "img/hair/sides/default/shoulder.png",
    "img/hair/sides/default/thighs.png",
    "img/hair/sides/short/chest.png",
    "img/hair/sides/short/feet.png",
    "img/hair/sides/short/navel.png",
    "img/hair/sides/short/short.png",
    "img/hair/sides/short/shoulder.png",
    "img/hair/sides/short/thighs.png",
    "img/misc/icon/wraithactive.png",
    "img/misc/icon/wraithdespair.png",
    "img/misc/icon/wraithhaunt.png"
  ],
  "addonPlugin": [
    {
      "modName": "ModLoader DoL ImageLoaderHook",
      "addonName": "ImageLoaderAddon",
      "modVersion": "^2.3.0",
      "params": []
    }
  ],
  "dependenceInfo": [
    {
      "modName": "ModLoader DoL ImageLoaderHook",
      "version": "^2.3.0"
    }
  ]
}