{
  "name": "doggycombat",
  "version": "1.0.0",
  "styleFileList": [],
  "scriptFileList": [],
  "tweeFileList": [],
  "additionFile": [],
  "imgFileList": [
    "img/sex/doggy/active/doggyactiveeyes.png",
    "img/sex/doggy/active/bikinibottom/doggyactive_bikinibottom_anklefootjob.png",
    "img/sex/doggy/active/bikinibottom/doggyactive_bikinibottom_ankles.png",
    "img/sex/doggy/active/bikinibottom/doggyactive_bikinibottom_knees.png",
    "img/sex/doggy/active/bikinibottom/doggyactive_bikinibottom_thighs.png",
    "img/sex/doggy/active/bikinibottom/doggyactive_bikinibottom_totheside.png",
    "img/sex/doggy/active/bikinibottom/doggyactive_bikinibottom_waist.png",
    "img/sex/doggy/active/bikinibottom/doggyidle_bikinibottom_anklefootjob.png",
    "img/sex/doggy/active/body/doggyactiveoralmouth.png",
    "img/sex/doggy/active/bootyjorts/waist.png",
    "img/sex/doggy/active/cow/full.png",
    "img/sex/doggy/active/cowbra/huge.png",
    "img/sex/doggy/active/cowbra/large.png",
    "img/sex/doggy/active/cowbra/none.png",
    "img/sex/doggy/active/cowbra/small.png",
    "img/sex/doggy/active/cowbra/tiny.png",
    "img/sex/doggy/active/cowpanties/waist.png",
    "img/sex/doggy/active/dress/doggyactive_dress_hips.png",
    "img/sex/doggy/active/dress/doggyactive_dress_neck.png",
    "img/sex/doggy/active/dress/doggyactive_dress_thighs.png",
    "img/sex/doggy/active/dress/doggyactive_dress_tummy.png",
    "img/sex/doggy/active/facewear/glasses/full.png",
    "img/sex/doggy/active/facewear/glasses/full0.png",
    "img/sex/doggy/active/facewear/halfmoon/full.png",
    "img/sex/doggy/active/gymbloomers/doggyactive_shorts_hips.png",
    "img/sex/doggy/active/hair/doggyactivechest.png",
    "img/sex/doggy/active/hair/doggyactivefeet.png",
    "img/sex/doggy/active/hair/doggyactivenavel.png",
    "img/sex/doggy/active/hair/doggyactiveshort.png",
    "img/sex/doggy/active/hair/doggyactiveshoulder.png",
    "img/sex/doggy/active/hair/doggyactivethighs.png",
    "img/sex/doggy/active/hair/hime/doggyactivechest.png",
    "img/sex/doggy/active/hair/hime/doggyactivefeet.png",
    "img/sex/doggy/active/hair/hime/doggyactivenavel.png",
    "img/sex/doggy/active/hair/hime/doggyactiveshort.png",
    "img/sex/doggy/active/hair/hime/doggyactiveshoulder.png",
    "img/sex/doggy/active/hair/hime/doggyactivethighs.png",
    "img/sex/doggy/active/hair/wide_flaps/doggyactivechest.png",
    "img/sex/doggy/active/hair/wide_flaps/doggyactivefeet.png",
    "img/sex/doggy/active/hair/wide_flaps/doggyactivenavel.png",
    "img/sex/doggy/active/hair/wide_flaps/doggyactiveshort.png",
    "img/sex/doggy/active/hair/wide_flaps/doggyactiveshoulder.png",
    "img/sex/doggy/active/hair/wide_flaps/doggyactivethighs.png",
    "img/sex/doggy/active/hair/wide_flaps/doggyidlechest.png",
    "img/sex/doggy/active/hair/wide_flaps/doggyidlefeet.png",
    "img/sex/doggy/active/hair/wide_flaps/doggyidlenavel.png",
    "img/sex/doggy/active/hair/wide_flaps/doggyidleshort.png",
    "img/sex/doggy/active/hair/wide_flaps/doggyidleshoulder.png",
    "img/sex/doggy/active/hair/wide_flaps/doggyidlethighs.png",
    "img/sex/doggy/active/hands/cow/left hand.png",
    "img/sex/doggy/active/hands/cow/right hand.png",
    "img/sex/doggy/active/hands/lacewarmers/left hand restricted.png",
    "img/sex/doggy/active/hands/lacewarmers/left hand.png",
    "img/sex/doggy/active/hands/lacewarmers/right hand.png",
    "img/sex/doggy/active/hands/longleathergloves/left hand.png",
    "img/sex/doggy/active/hands/longleathergloves/right hand.png",
    "img/sex/doggy/active/legs/cow/fullrestleft.png",
    "img/sex/doggy/active/legs/cow/fullrestright.png",
    "img/sex/doggy/active/legs/fishnetstockings/fullrestleft.png",
    "img/sex/doggy/active/legs/fishnetstockings/fullrestright.png",
    "img/sex/doggy/active/legs/fishnettights/fullrest.png",
    "img/sex/doggy/active/legs/girlsgymsocks/fullrestleft.png",
    "img/sex/doggy/active/legs/girlsgymsocks/fullrestright.png",
    "img/sex/doggy/active/legs/tights/fullrest.png",
    "img/sex/doggy/active/longskirt/waist.png",
    "img/sex/doggy/active/lowertowel/doggyidle_towel_waist.png",
    "img/sex/doggy/active/plainpanties/doggyactive_plainpanties_ankles.png",
    "img/sex/doggy/active/plainpanties/doggyactive_plainpanties_anklesfootjob.png",
    "img/sex/doggy/active/plainpanties/doggyactive_plainpanties_hips.png",
    "img/sex/doggy/active/plainpanties/doggyactive_plainpanties_knees.png",
    "img/sex/doggy/active/plainpanties/doggyactive_plainpanties_thighs.png",
    "img/sex/doggy/active/shoes/thighhigh_heels/thighs.png",
    "img/sex/doggy/active/skirt/doggyactive_skirt_hips.png",
    "img/sex/doggy/active/skirt/doggyactive_skirt_waist.png",
    "img/sex/doggy/active/sleeves/left_sleeve.png",
    "img/sex/doggy/active/sleeves/left_sleeve_bound.png",
    "img/sex/doggy/active/sleeves/right_sleeve.png",
    "img/sex/doggy/active/t-shirt/doggyactive_tshirt_boundneck.png",
    "img/sex/doggy/active/t-shirt/doggyactive_tshirt_boundwaist.png",
    "img/sex/doggy/active/t-shirt/doggyactive_tshirt_waist.png",
    "img/sex/doggy/active/transformations/angel/backhalo/default.png",
    "img/sex/doggy/active/transformations/angel/backwings/default.png",
    "img/sex/doggy/active/transformations/angel/backwings/default0.png",
    "img/sex/doggy/active/transformations/angel/fronthalo/default.png",
    "img/sex/doggy/active/transformations/angel/frontwings/default.png",
    "img/sex/doggy/active/transformations/angel/frontwings/default0.png",
    "img/sex/doggy/active/transformations/fallenangel/wings/default.png",
    "img/sex/doggy/active/transformations/fallenangel/wings/fallenplus.png",
    "img/sex/doggy/active/transformations/fox/cheeks/default.png",
    "img/sex/doggy/active/transformations/fox/ears/default.png",
    "img/sex/doggy/active/transformations/fox/tail/default.png",
    "img/sex/doggyRed/active/body/doggyactivebase.png",
    "img/sex/doggyRed/active/body/doggyactivebaseleftarm.png",
    "img/sex/doggyRed/active/body/doggyactivebaselegs.png",
    "img/sex/doggyRed/active/body/doggyactivebaserightarm.png",
    "img/sex/doggyRed/active/body/doggyactivebreastshuge.png",
    "img/sex/doggyRed/active/body/doggyactivebreastslarge.png",
    "img/sex/doggyRed/active/body/doggyactivebreastssmall.png",
    "img/sex/doggyRed/active/body/doggyactivebreaststiny.png",
    "img/sex/doggyRed/active/body/doggyactivefeetjob.png",
    "img/sex/doggyRed/active/body/doggyactivefeetjobpenis.png",
    "img/sex/doggyRed/active/body/doggyactiveleftarmbound.png",
    "img/sex/doggyRed/active/body/doggyactivelefthandjob.png",
    "img/sex/doggyRed/active/body/doggyactivelefthandjobpenis.png",
    "img/sex/doggyRed/active/body/doggyactiverighthandjob.png",
    "img/sex/doggyRed/active/body/doggyactiverighthandjobpenis.png",
    "img/sex/doggyRed/active/body/preggyBelly/pregnancy_belly_1.png",
    "img/sex/doggyRed/active/body/preggyBelly/pregnancy_belly_10.png",
    "img/sex/doggyRed/active/body/preggyBelly/pregnancy_belly_11.png",
    "img/sex/doggyRed/active/body/preggyBelly/pregnancy_belly_12.png",
    "img/sex/doggyRed/active/body/preggyBelly/pregnancy_belly_13.png",
    "img/sex/doggyRed/active/body/preggyBelly/pregnancy_belly_14.png",
    "img/sex/doggyRed/active/body/preggyBelly/pregnancy_belly_15.png",
    "img/sex/doggyRed/active/body/preggyBelly/pregnancy_belly_16.png",
    "img/sex/doggyRed/active/body/preggyBelly/pregnancy_belly_17.png",
    "img/sex/doggyRed/active/body/preggyBelly/pregnancy_belly_18.png",
    "img/sex/doggyRed/active/body/preggyBelly/pregnancy_belly_19.png",
    "img/sex/doggyRed/active/body/preggyBelly/pregnancy_belly_2.png",
    "img/sex/doggyRed/active/body/preggyBelly/pregnancy_belly_20.png",
    "img/sex/doggyRed/active/body/preggyBelly/pregnancy_belly_21.png",
    "img/sex/doggyRed/active/body/preggyBelly/pregnancy_belly_22.png",
    "img/sex/doggyRed/active/body/preggyBelly/pregnancy_belly_23.png",
    "img/sex/doggyRed/active/body/preggyBelly/pregnancy_belly_24.png",
    "img/sex/doggyRed/active/body/preggyBelly/pregnancy_belly_3.png",
    "img/sex/doggyRed/active/body/preggyBelly/pregnancy_belly_4.png",
    "img/sex/doggyRed/active/body/preggyBelly/pregnancy_belly_5.png",
    "img/sex/doggyRed/active/body/preggyBelly/pregnancy_belly_6.png",
    "img/sex/doggyRed/active/body/preggyBelly/pregnancy_belly_7.png",
    "img/sex/doggyRed/active/body/preggyBelly/pregnancy_belly_8.png",
    "img/sex/doggyRed/active/body/preggyBelly/pregnancy_belly_9.png",
    "img/sex/doggyRed/active/body/preggyBelly/pregnancy_belly_overlay.png",
    "img/sex/doggyRed/active/body/preggyBelly/pregnancy_belly_overlay_exposed.png"
  ],
  "addonPlugin": [
    {
      "modName": "ModLoader DoL ImageLoaderHook",
      "addonName": "ImageLoaderAddon",
      "modVersion": "^2.3.0",
      "params": []
    }
  ],
  "dependenceInfo": [
    {
      "modName": "ModLoader DoL ImageLoaderHook",
      "version": "^2.3.0"
    }
  ]
}