{
  "name": "BEEESSS-WAX",
  "version": "1.0.0",
  "styleFileList": [],
  "scriptFileList": [],
  "tweeFileList": [],
  "additionFile": [],
  "imgFileList": [
    "img/body/basenoarms-a.png",
    "img/body/basenoarms-f.png",
    "img/body/basenoarms-m.png",
    "img/body/basenoarms.png",
    "img/body/leftarmidle-a.png",
    "img/body/leftarmidle-f.png",
    "img/body/leftarmidle-m.png",
    "img/body/leftarmidle.png",
    "img/body/rightarmhold.png",
    "img/body/rightarmidle-a.png",
    "img/body/rightarmidle-f.png",
    "img/body/rightarmidle-m.png",
    "img/body/rightarmidle.png",
    "img/body/breasts/breasts1.png",
    "img/body/breasts/breasts2.png",
    "img/body/breasts/breasts3.png",
    "img/body/breasts/breasts3_clothed.png",
    "img/body/breasts/breasts4.png",
    "img/body/breasts/breasts4_clothed.png",
    "img/body/breasts/breasts5.png",
    "img/body/breasts/breasts5_clothed.png",
    "img/body/breasts/breasts6.png",
    "img/body/breasts/breasts6_clothed.png",
    "img/body/penis/penis-1.png",
    "img/body/penis/penis-2.png",
    "img/body/penis/penis0.png",
    "img/body/penis/penis1.png",
    "img/body/penis/penis2.png",
    "img/body/penis/penis3.png",
    "img/body/penis/penis4.png",
    "img/body/penis/penis_virgin-1.png",
    "img/body/penis/penis_virgin-2.png",
    "img/body/penis/penis_virgin0.png",
    "img/body/penis/penis_virgin1.png",
    "img/body/penis/penis_virgin2.png",
    "img/body/penis/penis_virgin3.png",
    "img/body/penis/penis_virgin4.png",
    "img/body/penisnoballs/penis-1.png",
    "img/body/penisnoballs/penis-2.png",
    "img/body/penisnoballs/penis0.png",
    "img/body/penisnoballs/penis1.png",
    "img/body/penisnoballs/penis2.png",
    "img/body/penisnoballs/penis3.png",
    "img/body/penisnoballs/penis4.png",
    "img/body/penisnoballs/penis_virgin-1.png",
    "img/body/penisnoballs/penis_virgin-2.png",
    "img/body/penisnoballs/penis_virgin0.png",
    "img/body/penisnoballs/penis_virgin1.png",
    "img/body/penisnoballs/penis_virgin2.png",
    "img/body/penisnoballs/penis_virgin3.png",
    "img/body/penisnoballs/penis_virgin4.png"
  ],
  "addonPlugin": [
    {
      "modName": "ModLoader DoL ImageLoaderHook",
      "addonName": "ImageLoaderAddon",
      "modVersion": "^2.3.0",
      "params": []
    }
  ],
  "dependenceInfo": [
    {
      "modName": "ModLoader DoL ImageLoaderHook",
      "version": "^2.3.0"
    }
  ]
}