{
  "name": "hikari-female-sideview-only",
  "version": "1.0.0",
  "styleFileList": [],
  "scriptFileList": [],
  "tweeFileList": [],
  "additionFile": [
    "img/ahego mouthcry and original blush 5.rar",
    "img/alt vagina cum.rar",
    "img/ART CREDITS AND CONTRIBUTORS!!! THANK YOU FOR UR HELP ALL!!!.txt",
    "img/background only.rar",
    "img/basehead with background.rar",
    "img/doggycombat.rar",
    "img/Elf ears head.zip",
    "img/femboy face.rar",
    "img/fnaf border.rar",
    "img/museum backgroung.rar",
    "img/My edited male and female bodies.rar",
    "img/non ahego mouthcry.rar",
    "img/uwu face.rar",
    "img/preview images- DO NOT COPY/back3.PNG",
    "img/preview images- DO NOT COPY/backg.PNG",
    "img/preview images- DO NOT COPY/backg2.PNG",
    "img/preview images- DO NOT COPY/boki.PNG",
    "img/preview images- DO NOT COPY/censor.PNG",
    "img/preview images- DO NOT COPY/femboy.PNG",
    "img/preview images- DO NOT COPY/femboy2.PNG",
    "img/preview images- DO NOT COPY/little stawberries.PNG",
    "img/preview images- DO NOT COPY/low eyes.PNG",
    "img/preview images- DO NOT COPY/musback.PNG",
    "img/preview images- DO NOT COPY/mussback.PNG",
    "img/preview images- DO NOT COPY/new female hairs.PNG",
    "img/preview images- DO NOT COPY/nobooba.PNG",
    "img/preview images- DO NOT COPY/pepperspray.PNG",
    "img/preview images- DO NOT COPY/pepperspray2.PNG",
    "img/preview images- DO NOT COPY/poke.PNG",
    "img/preview images- DO NOT COPY/ref.PNG",
    "img/preview images- DO NOT COPY/ref2.PNG",
    "img/preview images- DO NOT COPY/ref3.PNG",
    "img/preview images- DO NOT COPY/ref4.PNG",
    "img/preview images- DO NOT COPY/ref5.PNG",
    "img/preview images- DO NOT COPY/ref6.PNG",
    "img/preview images- DO NOT COPY/ref7.PNG",
    "img/preview images- DO NOT COPY/test.PNG",
    "img/preview images- DO NOT COPY/test2.PNG",
    "img/preview images- DO NOT COPY/welp.PNG",
    "img/preview images- DO NOT COPY/wraith.PNG",
    "img/preview images- DO NOT COPY/yah.PNG",
    "img/preview images- DO NOT COPY/yah2.PNG",
    "img/preview images- DO NOT COPY/yah3.PNG",
    "img/preview images- DO NOT COPY/yah4.PNG",
    "img/preview images- DO NOT COPY/yah5.PNG",
    "img/preview images- DO NOT COPY/yah6.PNG",
    "img/preview images- DO NOT COPY/yessss.PNG"
  ],
  "imgFileList": [
    "img/body/basehead.png",
    "img/body/basenoarms-a.png",
    "img/body/basenoarms-f.png",
    "img/body/basenoarms-m.png",
    "img/body/leftarmidle-f.png",
    "img/body/rightarmidle-f.png",
    "img/body/breasts/breasts5.png",
    "img/body/breasts/breasts6.png",
    "img/body/cum/Chest 1.png",
    "img/body/cum/Chest 2.png",
    "img/body/cum/Chest 3.png",
    "img/body/cum/Chest 4,5.png",
    "img/body/cum/Face 1,2.png",
    "img/body/cum/Face 3,4.png",
    "img/body/cum/Face 5.png",
    "img/body/cum/VaginalCumDripFast.png",
    "img/body/cum/VaginalCumDripSlow.png",
    "img/body/cum/VaginalCumDripStart.png",
    "img/body/cum/VaginalCumDripVeryFast.png",
    "img/body/cum/VaginalCumDripVerySlow.png",
    "img/body/tan/under_upper/bikini/5.png",
    "img/body/tan/under_upper/bikini/6.png",
    "img/bodywriting/heart/pubic.png",
    "img/clothes/face/blindfold/full.png",
    "img/clothes/face/cateye/acc.png",
    "img/clothes/face/cateye/full.png",
    "img/clothes/face/cateye/full_gray.png",
    "img/clothes/face/eyepatch/full.png",
    "img/clothes/face/eyepatch/full_gray.png",
    "img/clothes/face/gag/full.png",
    "img/clothes/face/gagfetish/full_gray.png",
    "img/clothes/face/glasses/full.png",
    "img/clothes/face/glasses/full_gray.png",
    "img/clothes/face/muzzle/frayed.png",
    "img/clothes/face/muzzle/full.png",
    "img/clothes/face/muzzle/tattered.png",
    "img/clothes/face/muzzle/torn.png",
    "img/clothes/face/muzzlefetish/frayed.png",
    "img/clothes/face/muzzlefetish/frayed_gray.png",
    "img/clothes/face/muzzlefetish/full.png",
    "img/clothes/face/muzzlefetish/full_gray.png",
    "img/clothes/face/muzzlefetish/tattered.png",
    "img/clothes/face/muzzlefetish/tattered_gray.png",
    "img/clothes/face/muzzlefetish/torn.png",
    "img/clothes/face/muzzlefetish/torn_gray.png",
    "img/clothes/face/penisgag/full.png",
    "img/clothes/face/penisgag/full_gag.png",
    "img/clothes/face/penisgag/full_gray.png",
    "img/clothes/face/punk/acc.png",
    "img/clothes/face/punk/full.png",
    "img/clothes/face/punk/full_gray.png",
    "img/clothes/face/skele/full.png",
    "img/clothes/face/tapegag/full.png",
    "img/clothes/handheld/backpack/back_acc.png",
    "img/clothes/handheld/backpack/back_gray.png",
    "img/clothes/handheld/backpack/right_acc.png",
    "img/clothes/handheld/backpack/right_cover_acc.png",
    "img/clothes/handheld/backpack/right_cover_gray.png",
    "img/clothes/handheld/backpack/right_gray.png",
    "img/clothes/head/alice/full.png",
    "img/clothes/head/alice/full_gray.png",
    "img/clothes/head/bunnyears/full.png",
    "img/clothes/head/butterflyhairpin/acc.png",
    "img/clothes/head/butterflyhairpin/full.png",
    "img/clothes/head/butterflyhairpin/full_gray.png",
    "img/clothes/head/fishhairpin/full.png",
    "img/clothes/head/hairpin/full.png",
    "img/clothes/head/spiritmask/acc.png",
    "img/clothes/head/spiritmask/acc_gray.png",
    "img/clothes/head/spiritmask/full.png",
    "img/clothes/head/spiritmask/full_gray.png",
    "img/clothes/head/starhairpin/full.png",
    "img/clothes/lower/ao dai/frayed.png",
    "img/clothes/lower/ao dai/frayed_gray.png",
    "img/clothes/lower/ao dai/full.png",
    "img/clothes/lower/ao dai/full_gray.png",
    "img/clothes/lower/ao dai/tattered.png",
    "img/clothes/lower/ao dai/tattered_gray.png",
    "img/clothes/lower/ao dai/torn.png",
    "img/clothes/lower/ao dai/torn_gray.png",
    "img/clothes/lower/sundress/frayed.png",
    "img/clothes/lower/sundress/frayed_gray.png",
    "img/clothes/lower/sundress/full.png",
    "img/clothes/lower/sundress/full_gray.png",
    "img/clothes/lower/sundress/tattered.png",
    "img/clothes/lower/sundress/tattered_gray.png",
    "img/clothes/lower/sundress/torn.png",
    "img/clothes/lower/sundress/torn_gray.png",
    "img/clothes/neck/cat/full.png",
    "img/clothes/neck/collarfetish/full.png",
    "img/clothes/neck/collarfetish/full_gray.png",
    "img/clothes/neck/collarleash/acc.png",
    "img/clothes/neck/collarleash/full.png",
    "img/clothes/neck/collarleashfetish/acc.png",
    "img/clothes/neck/collarleashfetish/acc_gray.png",
    "img/clothes/neck/collarleashfetish/full.png",
    "img/clothes/neck/collarleashfetish/full_gray.png",
    "img/clothes/under_upper/catgirlbra/5.png",
    "img/clothes/under_upper/catgirlbra/5_gray.png",
    "img/clothes/under_upper/corset/0.png",
    "img/clothes/under_upper/corset/0_gray.png",
    "img/clothes/under_upper/corset/1.png",
    "img/clothes/under_upper/corset/1_gray.png",
    "img/clothes/under_upper/corset/2.png",
    "img/clothes/under_upper/corset/2_gray.png",
    "img/clothes/under_upper/corset/3.png",
    "img/clothes/under_upper/corset/3_gray.png",
    "img/clothes/under_upper/corset/4.png",
    "img/clothes/under_upper/corset/4_gray.png",
    "img/clothes/under_upper/corset/5.png",
    "img/clothes/under_upper/corset/5_gray.png",
    "img/clothes/under_upper/corset/frayed.png",
    "img/clothes/under_upper/corset/frayed_gray.png",
    "img/clothes/under_upper/corset/full.png",
    "img/clothes/under_upper/corset/full_gray.png",
    "img/clothes/under_upper/corset/tattered.png",
    "img/clothes/under_upper/corset/tattered_gray.png",
    "img/clothes/under_upper/corset/torn.png",
    "img/clothes/under_upper/corset/torn_gray.png",
    "img/clothes/under_upper/tape/0.png",
    "img/clothes/under_upper/tape/0_gray.png",
    "img/clothes/under_upper/tape/1.png",
    "img/clothes/under_upper/tape/1_gray.png",
    "img/clothes/under_upper/tape/2.png",
    "img/clothes/under_upper/tape/2_gray.png",
    "img/clothes/under_upper/tape/3.png",
    "img/clothes/under_upper/tape/3_gray.png",
    "img/clothes/under_upper/tape/4.png",
    "img/clothes/under_upper/tape/4_gray.png",
    "img/clothes/under_upper/tape/5.png",
    "img/clothes/under_upper/tape/5_gray.png",
    "img/clothes/under_upper/tape/6.png",
    "img/clothes/under_upper/tape/6_gray.png",
    "img/clothes/under_upper/tape/frayed.png",
    "img/clothes/under_upper/tape/frayed_gray.png",
    "img/clothes/under_upper/tape/full.png",
    "img/clothes/under_upper/tape/full_gray.png",
    "img/clothes/under_upper/tape/tattered.png",
    "img/clothes/under_upper/tape/tattered_gray.png",
    "img/clothes/under_upper/tape/torn.png",
    "img/clothes/under_upper/tape/torn_gray.png",
    "img/clothes/upper/ao dai/0.png",
    "img/clothes/upper/ao dai/0_gray.png",
    "img/clothes/upper/ao dai/1.png",
    "img/clothes/upper/ao dai/1_gray.png",
    "img/clothes/upper/ao dai/2.png",
    "img/clothes/upper/ao dai/2_gray.png",
    "img/clothes/upper/ao dai/3.png",
    "img/clothes/upper/ao dai/3_gray.png",
    "img/clothes/upper/ao dai/4.png",
    "img/clothes/upper/ao dai/4_gray.png",
    "img/clothes/upper/ao dai/5.png",
    "img/clothes/upper/ao dai/5_gray.png",
    "img/clothes/upper/ao dai/frayed.png",
    "img/clothes/upper/ao dai/frayed_gray.png",
    "img/clothes/upper/ao dai/full.png",
    "img/clothes/upper/ao dai/full_gray.png",
    "img/clothes/upper/ao dai/left.png",
    "img/clothes/upper/ao dai/left_cover.png",
    "img/clothes/upper/ao dai/left_cover_gray.png",
    "img/clothes/upper/ao dai/left_gray.png",
    "img/clothes/upper/ao dai/right.png",
    "img/clothes/upper/ao dai/right_cover.png",
    "img/clothes/upper/ao dai/right_cover_gray.png",
    "img/clothes/upper/ao dai/right_gray.png",
    "img/clothes/upper/ao dai/tattered.png",
    "img/clothes/upper/ao dai/tattered_gray.png",
    "img/clothes/upper/ao dai/torn.png",
    "img/clothes/upper/ao dai/torn_gray.png",
    "img/clothes/upper/schoolshirt/acc_gray.png",
    "img/clothes/upper/schoolshirt/frayed_gray.png",
    "img/clothes/upper/schoolshirt/full_gray.png",
    "img/clothes/upper/schoolshirt/tattered_gray.png",
    "img/clothes/upper/schoolshirt/torn_gray.png",
    "img/clothes/upper/slut/0.png",
    "img/clothes/upper/slut/0_gray.png",
    "img/clothes/upper/slut/1.png",
    "img/clothes/upper/slut/1_gray.png",
    "img/clothes/upper/slut/2.png",
    "img/clothes/upper/slut/2_gray.png",
    "img/clothes/upper/slut/3.png",
    "img/clothes/upper/slut/3_gray.png",
    "img/clothes/upper/slut/4.png",
    "img/clothes/upper/slut/4_gray.png",
    "img/clothes/upper/slut/5.png",
    "img/clothes/upper/slut/5_gray.png",
    "img/clothes/upper/slut/acc_frayed.png",
    "img/clothes/upper/slut/acc_frayed_gray.png",
    "img/clothes/upper/slut/acc_full.png",
    "img/clothes/upper/slut/acc_full_gray.png",
    "img/clothes/upper/slut/acc_tattered.png",
    "img/clothes/upper/slut/acc_tattered_gray.png",
    "img/clothes/upper/slut/acc_torn.png",
    "img/clothes/upper/slut/acc_torn_gray.png",
    "img/clothes/upper/slut/frayed.png",
    "img/clothes/upper/slut/frayed_gray.png",
    "img/clothes/upper/slut/full.png",
    "img/clothes/upper/slut/full_gray.png",
    "img/clothes/upper/slut/left.png",
    "img/clothes/upper/slut/left_cover.png",
    "img/clothes/upper/slut/left_cover_gray.png",
    "img/clothes/upper/slut/left_gray.png",
    "img/clothes/upper/slut/right.png",
    "img/clothes/upper/slut/right_cover.png",
    "img/clothes/upper/slut/right_cover_gray.png",
    "img/clothes/upper/slut/right_gray.png",
    "img/clothes/upper/slut/tattered.png",
    "img/clothes/upper/slut/tattered_gray.png",
    "img/clothes/upper/slut/torn.png",
    "img/clothes/upper/slut/torn_gray.png",
    "img/clothes/upper/sundress/0.png",
    "img/clothes/upper/sundress/0_gray.png",
    "img/clothes/upper/sundress/1.png",
    "img/clothes/upper/sundress/1_gray.png",
    "img/clothes/upper/sundress/2.png",
    "img/clothes/upper/sundress/2_gray.png",
    "img/clothes/upper/sundress/3.png",
    "img/clothes/upper/sundress/3_gray.png",
    "img/clothes/upper/sundress/4.png",
    "img/clothes/upper/sundress/4_gray.png",
    "img/clothes/upper/sundress/5.png",
    "img/clothes/upper/sundress/5_gray.png",
    "img/clothes/upper/sundress/acc.png",
    "img/clothes/upper/sundress/frayed.png",
    "img/clothes/upper/sundress/frayed_gray.png",
    "img/clothes/upper/sundress/full.png",
    "img/clothes/upper/sundress/full_gray.png",
    "img/clothes/upper/sundress/tattered.png",
    "img/clothes/upper/sundress/tattered_gray.png",
    "img/clothes/upper/sundress/torn.png",
    "img/clothes/upper/sundress/torn_gray.png",
    "img/clothes/upper/tshirt/frayed_gray.png",
    "img/clothes/upper/tshirt/full_gray.png",
    "img/clothes/upper/tshirt/tattered_gray.png",
    "img/clothes/upper/tshirt/torn_gray.png",
    "img/face/default/blush1.png",
    "img/face/default/blush2.png",
    "img/face/default/blush3.png",
    "img/face/default/blush4.png",
    "img/face/default/blush5.png",
    "img/face/default/browlow.png",
    "img/face/default/browmid.png",
    "img/face/default/broworgasm.png",
    "img/face/default/browtop.png",
    "img/face/default/eyelids.png",
    "img/face/default/eyelids_halfclosed.png",
    "img/face/default/freckles.png",
    "img/face/default/irisempty_halfclosed_left.png",
    "img/face/default/irisempty_halfclosed_right.png",
    "img/face/default/irisempty_left.png",
    "img/face/default/irisempty_right.png",
    "img/face/default/iris_halfclosed_left.png",
    "img/face/default/iris_halfclosed_right.png",
    "img/face/default/iris_left.png",
    "img/face/default/iris_right.png",
    "img/face/default/lashes.png",
    "img/face/default/lashes_halfclosed.png",
    "img/face/default/mouthcry.png",
    "img/face/default/mouthfrown.png",
    "img/face/default/mouthneutral.png",
    "img/face/default/mouthsmile.png",
    "img/face/default/sclera.png",
    "img/face/default/sclerabloodshot.png",
    "img/face/default/tear1.png",
    "img/face/default/tear2.png",
    "img/face/default/tear3.png",
    "img/face/default/tear4.png",
    "img/face/default/makeup/eyeshadows.png",
    "img/face/default/makeup/eyeshadows_halfclosed.png",
    "img/face/default/makeup/lipstick_cry.png",
    "img/face/default/makeup/lipstick_frown.png",
    "img/face/default/makeup/lipstick_neutral.png",
    "img/face/default/makeup/lipstick_smile.png",
    "img/face/default/makeup/mascara.png",
    "img/face/default/makeup/mascara1.png",
    "img/face/default/makeup/mascara2.png",
    "img/face/default/makeup/mascara3.png",
    "img/face/default/makeup/mascara4.png",
    "img/face/default/makeup/mascara_halfclosed.png",
    "img/hair/back/neat/chest.png",
    "img/hair/back/neat/feet.png",
    "img/hair/back/neat/navel.png",
    "img/hair/back/neat/thighs.png",
    "img/hair/fringe/bowl/chest.png",
    "img/hair/fringe/bowl/feet.png",
    "img/hair/fringe/bowl/navel.png",
    "img/hair/fringe/bowl/short.png",
    "img/hair/fringe/bowl/shoulder.png",
    "img/hair/fringe/bowl/thighs.png",
    "img/hair/fringe/curtain/chest.png",
    "img/hair/fringe/curtain/feet.png",
    "img/hair/fringe/curtain/navel.png",
    "img/hair/fringe/curtain/short.png",
    "img/hair/fringe/curtain/shoulder.png",
    "img/hair/fringe/curtain/thighs.png",
    "img/hair/fringe/default/chest.png",
    "img/hair/fringe/default/feet.png",
    "img/hair/fringe/default/navel.png",
    "img/hair/fringe/default/short.png",
    "img/hair/fringe/default/shoulder.png",
    "img/hair/fringe/default/thighs.png",
    "img/hair/fringe/emo left/chest.png",
    "img/hair/fringe/emo left/feet.png",
    "img/hair/fringe/emo left/navel.png",
    "img/hair/fringe/emo left/short.png",
    "img/hair/fringe/emo left/shoulder.png",
    "img/hair/fringe/emo left/thighs.png",
    "img/hair/fringe/emo right/chest.png",
    "img/hair/fringe/emo right/feet.png",
    "img/hair/fringe/emo right/navel.png",
    "img/hair/fringe/emo right/short.png",
    "img/hair/fringe/emo right/shoulder.png",
    "img/hair/fringe/emo right/thighs.png",
    "img/hair/fringe/hime/chest.png",
    "img/hair/fringe/hime/feet.png",
    "img/hair/fringe/hime/navel.png",
    "img/hair/fringe/hime/short.png",
    "img/hair/fringe/hime/shoulder.png",
    "img/hair/fringe/hime/thighs.png",
    "img/hair/fringe/short air vents/chest.png",
    "img/hair/fringe/short air vents/feet.png",
    "img/hair/fringe/short air vents/navel.png",
    "img/hair/fringe/short air vents/short.png",
    "img/hair/fringe/short air vents/shoulder.png",
    "img/hair/fringe/short air vents/thighs.png",
    "img/hair/fringe/straight/chest.png",
    "img/hair/fringe/straight/feet.png",
    "img/hair/fringe/straight/navel.png",
    "img/hair/fringe/straight/short.png",
    "img/hair/fringe/straight/shoulder.png",
    "img/hair/fringe/straight/thighs.png",
    "img/hair/fringe/straight curl/chest.png",
    "img/hair/fringe/straight curl/feet.png",
    "img/hair/fringe/straight curl/navel.png",
    "img/hair/fringe/straight curl/short.png",
    "img/hair/fringe/straight curl/shoulder.png",
    "img/hair/fringe/straight curl/thighs.png",
    "img/hair/fringe/thin flaps/chest.png",
    "img/hair/fringe/thin flaps/feet.png",
    "img/hair/fringe/thin flaps/navel.png",
    "img/hair/fringe/thin flaps/short.png",
    "img/hair/fringe/thin flaps/shoulder.png",
    "img/hair/fringe/thin flaps/thighs.png",
    "img/hair/fringe/trident/chest.png",
    "img/hair/fringe/trident/feet.png",
    "img/hair/fringe/trident/navel.png",
    "img/hair/fringe/trident/short.png",
    "img/hair/fringe/trident/shoulder.png",
    "img/hair/fringe/trident/thighs.png",
    "img/hair/fringe/wide flaps/chest.png",
    "img/hair/fringe/wide flaps/feet.png",
    "img/hair/fringe/wide flaps/navel.png",
    "img/hair/fringe/wide flaps/short.png",
    "img/hair/fringe/wide flaps/shoulder.png",
    "img/hair/fringe/wide flaps/thighs.png",
    "img/hair/sides/afro pouf/chest.png",
    "img/hair/sides/afro pouf/feet.png",
    "img/hair/sides/afro pouf/navel.png",
    "img/hair/sides/afro pouf/short.png",
    "img/hair/sides/afro pouf/shoulder.png",
    "img/hair/sides/afro pouf/thighs.png",
    "img/hair/sides/afro puffs/chest.png",
    "img/hair/sides/afro puffs/feet.png",
    "img/hair/sides/afro puffs/navel.png",
    "img/hair/sides/afro puffs/short.png",
    "img/hair/sides/afro puffs/shoulder.png",
    "img/hair/sides/afro puffs/thighs.png",
    "img/hair/sides/braid left/chest.png",
    "img/hair/sides/braid left/feet.png",
    "img/hair/sides/braid left/navel.png",
    "img/hair/sides/braid left/short.png",
    "img/hair/sides/braid left/shoulder.png",
    "img/hair/sides/braid left/thighs.png",
    "img/hair/sides/braid right/chest.png",
    "img/hair/sides/braid right/feet.png",
    "img/hair/sides/braid right/navel.png",
    "img/hair/sides/braid right/short.png",
    "img/hair/sides/braid right/shoulder.png",
    "img/hair/sides/braid right/thighs.png",
    "img/hair/sides/bubble tails/chest.png",
    "img/hair/sides/bubble tails/feet.png",
    "img/hair/sides/bubble tails/navel.png",
    "img/hair/sides/bubble tails/short.png",
    "img/hair/sides/bubble tails/shoulder.png",
    "img/hair/sides/bubble tails/thighs.png",
    "img/hair/sides/default/chest.png",
    "img/hair/sides/default/feet.png",
    "img/hair/sides/default/navel.png",
    "img/hair/sides/default/short.png",
    "img/hair/sides/default/shoulder.png",
    "img/hair/sides/default/thighs.png",
    "img/hair/sides/french bob/chest.png",
    "img/hair/sides/french bob/feet.png",
    "img/hair/sides/french bob/navel.png",
    "img/hair/sides/french bob/short.png",
    "img/hair/sides/french bob/shoulder.png",
    "img/hair/sides/french bob/thighs.png",
    "img/hair/sides/loose/chest.png",
    "img/hair/sides/loose/feet.png",
    "img/hair/sides/loose/navel.png",
    "img/hair/sides/loose/short.png",
    "img/hair/sides/loose/shoulder.png",
    "img/hair/sides/loose/thighs.png",
    "img/hair/sides/messy bun/chest.png",
    "img/hair/sides/messy bun/feet.png",
    "img/hair/sides/messy bun/navel.png",
    "img/hair/sides/messy bun/short.png",
    "img/hair/sides/messy bun/shoulder.png",
    "img/hair/sides/messy bun/thighs.png",
    "img/hair/sides/neat/chest.png",
    "img/hair/sides/neat/feet.png",
    "img/hair/sides/neat/navel.png",
    "img/hair/sides/neat/short.png",
    "img/hair/sides/neat/shoulder.png",
    "img/hair/sides/neat/thighs.png",
    "img/hair/sides/pigtails/chest.png",
    "img/hair/sides/pigtails/feet.png",
    "img/hair/sides/pigtails/navel.png",
    "img/hair/sides/pigtails/short.png",
    "img/hair/sides/pigtails/shoulder.png",
    "img/hair/sides/pigtails/thighs.png",
    "img/hair/sides/ribbon tail/chest.png",
    "img/hair/sides/ribbon tail/feet.png",
    "img/hair/sides/ribbon tail/navel.png",
    "img/hair/sides/ribbon tail/short.png",
    "img/hair/sides/ribbon tail/shoulder.png",
    "img/hair/sides/ribbon tail/thighs.png",
    "img/hair/sides/ruffled/chest.png",
    "img/hair/sides/ruffled/feet.png",
    "img/hair/sides/ruffled/navel.png",
    "img/hair/sides/ruffled/short.png",
    "img/hair/sides/ruffled/shoulder.png",
    "img/hair/sides/ruffled/thighs.png",
    "img/hair/sides/sailor buns/chest.png",
    "img/hair/sides/sailor buns/feet.png",
    "img/hair/sides/sailor buns/navel.png",
    "img/hair/sides/sailor buns/short.png",
    "img/hair/sides/sailor buns/shoulder.png",
    "img/hair/sides/sailor buns/thighs.png",
    "img/hair/sides/shaved/chest.png",
    "img/hair/sides/shaved/feet.png",
    "img/hair/sides/shaved/navel.png",
    "img/hair/sides/shaved/short.png",
    "img/hair/sides/shaved/shoulder.png",
    "img/hair/sides/shaved/thighs.png",
    "img/hair/sides/short/chest.png",
    "img/hair/sides/short/feet.png",
    "img/hair/sides/short/navel.png",
    "img/hair/sides/short/short.png",
    "img/hair/sides/short/shoulder.png",
    "img/hair/sides/short/thighs.png",
    "img/hair/sides/short spiky/chest.png",
    "img/hair/sides/short spiky/feet.png",
    "img/hair/sides/short spiky/navel.png",
    "img/hair/sides/short spiky/short.png",
    "img/hair/sides/short spiky/shoulder.png",
    "img/hair/sides/short spiky/thighs.png",
    "img/hair/sides/side tail left/chest.png",
    "img/hair/sides/side tail left/feet.png",
    "img/hair/sides/side tail left/navel.png",
    "img/hair/sides/side tail left/short.png",
    "img/hair/sides/side tail left/shoulder.png",
    "img/hair/sides/side tail left/thighs.png",
    "img/hair/sides/side tail right/chest.png",
    "img/hair/sides/side tail right/feet.png",
    "img/hair/sides/side tail right/navel.png",
    "img/hair/sides/side tail right/short.png",
    "img/hair/sides/side tail right/shoulder.png",
    "img/hair/sides/side tail right/thighs.png",
    "img/hair/sides/side thicktail/chest.png",
    "img/hair/sides/side thicktail/feet.png",
    "img/hair/sides/side thicktail/navel.png",
    "img/hair/sides/side thicktail/short.png",
    "img/hair/sides/side thicktail/shoulder.png",
    "img/hair/sides/side thicktail/thighs.png",
    "img/hair/sides/space buns/chest.png",
    "img/hair/sides/space buns/feet.png",
    "img/hair/sides/space buns/navel.png",
    "img/hair/sides/space buns/short.png",
    "img/hair/sides/space buns/shoulder.png",
    "img/hair/sides/space buns/thighs.png",
    "img/hair/sides/thick ponytail/chest.png",
    "img/hair/sides/thick ponytail/feet.png",
    "img/hair/sides/thick ponytail/navel.png",
    "img/hair/sides/thick ponytail/short.png",
    "img/hair/sides/thick ponytail/shoulder.png",
    "img/hair/sides/thick ponytail/thighs.png",
    "img/hair/sides/thick twintails/chest.png",
    "img/hair/sides/thick twintails/feet.png",
    "img/hair/sides/thick twintails/navel.png",
    "img/hair/sides/thick twintails/short.png",
    "img/hair/sides/thick twintails/shoulder.png",
    "img/hair/sides/thick twintails/thighs.png",
    "img/hair/sides/twin braids/chest.png",
    "img/hair/sides/twin braids/feet.png",
    "img/hair/sides/twin braids/navel.png",
    "img/hair/sides/twin braids/short.png",
    "img/hair/sides/twin braids/shoulder.png",
    "img/hair/sides/twin braids/thighs.png",
    "img/hair/sides/twintails/chest.png",
    "img/hair/sides/twintails/feet.png",
    "img/hair/sides/twintails/navel.png",
    "img/hair/sides/twintails/short.png",
    "img/hair/sides/twintails/shoulder.png",
    "img/hair/sides/twintails/thighs.png",
    "img/misc/icon/wraithactive.png",
    "img/misc/icon/wraithdespair.png",
    "img/misc/icon/wraithhaunt.png",
    "img/preview images- DO NOT COPY/wow2.gif",
    "img/preview images- DO NOT COPY/wow3.gif",
    "img/transformations/angel/backbrokenhalo.png",
    "img/transformations/angel/backhalo.png",
    "img/transformations/angel/brokenhalo.png",
    "img/transformations/angel/brokenwings.png",
    "img/transformations/angel/frontbrokenhalo.png",
    "img/transformations/angel/fronthalo.png",
    "img/transformations/angel/halo.png",
    "img/transformations/angel/leftcover.png",
    "img/transformations/angel/leftwing.png",
    "img/transformations/angel/rightcover.png",
    "img/transformations/angel/rightwing.png",
    "img/transformations/angel/wings.png",
    "img/transformations/angel/backhalo/default.png",
    "img/transformations/angel/backhalo/traditional.png",
    "img/transformations/angel/fronthalo/default.png",
    "img/transformations/angel/fronthalo/traditional.png",
    "img/transformations/angel/leftcover/default.png",
    "img/transformations/angel/leftwing/default.png",
    "img/transformations/angel/rightcover/default.png",
    "img/transformations/angel/rightwing/default.png",
    "img/transformations/cat/default.png",
    "img/transformations/cat/ears.png",
    "img/transformations/cat/tail.png",
    "img/transformations/cat/covertail/default.png",
    "img/transformations/cat/ears/default.png",
    "img/transformations/cat/flaunttail/default.png",
    "img/transformations/cat/tail/default.png",
    "img/transformations/cow/ears.png",
    "img/transformations/cow/horns.png",
    "img/transformations/cow/tag.png",
    "img/transformations/cow/tail.png",
    "img/transformations/cow/ears/default.png",
    "img/transformations/cow/ears/spotted black.png",
    "img/transformations/cow/ears/spotted brown.png",
    "img/transformations/cow/horns/default-demon.png",
    "img/transformations/cow/horns/default.png",
    "img/transformations/cow/tail/black-demon.png",
    "img/transformations/cow/tail/black.png",
    "img/transformations/cow/tail/default-demon.png",
    "img/transformations/cow/tail/default.png",
    "img/transformations/demon/demonhorns.png",
    "img/transformations/demon/demontail.png",
    "img/transformations/demon/demonwings.png",
    "img/transformations/demon/ears.png",
    "img/transformations/demon/hair_overlay.png",
    "img/transformations/demon/leftcover.png",
    "img/transformations/demon/rightcover.png",
    "img/transformations/demon/flaunttail/blue.png",
    "img/transformations/demon/flaunttail/classic.png",
    "img/transformations/demon/flaunttail/default-cat.png",
    "img/transformations/demon/flaunttail/default.png",
    "img/transformations/demon/flaunttail/lime.png",
    "img/transformations/demon/flaunttail/pink.png",
    "img/transformations/demon/flaunttail/red.png",
    "img/transformations/demon/flaunttail/succubus.png",
    "img/transformations/demon/flaunttail/yellow.png",
    "img/transformations/demon/flauntwings/backup.png",
    "img/transformations/demon/flauntwings/blue.png",
    "img/transformations/demon/flauntwings/default.png",
    "img/transformations/demon/flauntwings/lime.png",
    "img/transformations/demon/flauntwings/pink.png",
    "img/transformations/demon/flauntwings/red.png",
    "img/transformations/demon/flauntwings/succubus.png",
    "img/transformations/demon/flauntwings/yellow.png",
    "img/transformations/demon/horns/blue.png",
    "img/transformations/demon/horns/classic.png",
    "img/transformations/demon/horns/default.png",
    "img/transformations/demon/horns/lime.png",
    "img/transformations/demon/horns/pink.png",
    "img/transformations/demon/horns/red.png",
    "img/transformations/demon/horns/succubus.png",
    "img/transformations/demon/horns/yellow.png",
    "img/transformations/demon/leftcover/blue.png",
    "img/transformations/demon/leftcover/default.png",
    "img/transformations/demon/leftcover/lime.png",
    "img/transformations/demon/leftcover/pink.png",
    "img/transformations/demon/leftcover/red.png",
    "img/transformations/demon/leftcover/succubus.png",
    "img/transformations/demon/leftcover/yellow.png",
    "img/transformations/demon/rightcover/blue.png",
    "img/transformations/demon/rightcover/classic.png",
    "img/transformations/demon/rightcover/default-cat.png",
    "img/transformations/demon/rightcover/default.png",
    "img/transformations/demon/rightcover/lime.png",
    "img/transformations/demon/rightcover/pink.png",
    "img/transformations/demon/rightcover/red.png",
    "img/transformations/demon/rightcover/succubus.png",
    "img/transformations/demon/rightcover/yellow.png",
    "img/transformations/demon/tail/blue.png",
    "img/transformations/demon/tail/classic.png",
    "img/transformations/demon/tail/default-cat.png",
    "img/transformations/demon/tail/default-cow.png",
    "img/transformations/demon/tail/default.png",
    "img/transformations/demon/tail/lime.png",
    "img/transformations/demon/tail/pink.png",
    "img/transformations/demon/tail/red.png",
    "img/transformations/demon/tail/succubus-cow.png",
    "img/transformations/demon/tail/succubus.png",
    "img/transformations/demon/tail/yellow.png",
    "img/transformations/demon/wings/blue.png",
    "img/transformations/demon/wings/default.png",
    "img/transformations/demon/wings/lime.png",
    "img/transformations/demon/wings/pink.png",
    "img/transformations/demon/wings/red.png",
    "img/transformations/demon/wings/succubus.png",
    "img/transformations/demon/wings/yellow.png",
    "img/ui/pepperspray.png"
  ],
  "addonPlugin": [
    {
      "modName": "ModLoader DoL ImageLoaderHook",
      "addonName": "ImageLoaderAddon",
      "modVersion": "^2.3.0",
      "params": []
    }
  ],
  "dependenceInfo": [
    {
      "modName": "ModLoader DoL ImageLoaderHook",
      "version": "^2.3.0"
    }
  ]
}